summary,q05,q50,q95
gpp,789.34525,1450.9373076923075,2635.3870499999994
reco,767.5490846153846,1266.4832307692309,2041.4219384615385
nee,-972.8964423076923,-202.92465384615386,562.4090615384612
ra_over_gpp,0.3383691481084916,0.5885424416403383,0.9468800246375119
rroot_over_rsoil,0.07299677818020368,0.19079807766964102,0.378717572063734
peak_lai,3.8579393396516606,6.471475849382145,10.79602178850938
wood_change,-2327.150328005763,1830.351868248081,6237.770806811454
soil_change,-5059.361345763612,294.9143292315057,4858.210964551499
fine_root_end,12.849346153846154,30.608846153846155,69.15946153846154
coarse_root_end,981.6578076923076,2076.429230769231,3982.543961538461
jja_mean_lai,2.715642108202542,4.711855189024348,7.847586427637173
