group,n,inside,below,above,mean_z_median,width_over_sd
nee_night_centered,800,0.86125,0.0175,0.12125,0.5711517058841333,1.234813487078198
nee_day_centered,1819,0.9070918086860913,0.07696536558548653,0.01594282572842221,-0.8659006197072096,1.956045228645657
modis_leaf_area_index,89,0.8651685393258427,0.12359550561797752,0.011235955056179775,0.06714481166750952,2.016723885772754
landtrendr_aboveground_biomass,6,1.0,0.0,0.0,0.8479019643194378,8.882629292732618
soilgrids_soil_organic_carbon,1,1.0,0.0,0.0,-0.576056976782159,3.6742100213144706
night_DJF,250,0.928,0.0,0.072,0.6473045386537908,1.0405201345411288
night_MAM,248,0.8266129032258065,0.0,0.17338709677419356,1.103088785013227,1.1443254588565424
night_JJA,100,0.94,0.01,0.05,-0.2256613704056889,1.7437305304494128
night_SON,202,0.7821782178217822,0.06435643564356436,0.15346534653465346,0.2182938039660774,1.3344306395342194
day_c_DJF,366,0.9672131147540983,0.0,0.03278688524590164,0.23903184986511247,1.0152670257943035
day_c_MAM,529,0.9338374291115312,0.04914933837429111,0.017013232514177693,-0.6970657052638688,1.7078305562151643
day_c_JJA,485,0.8597938144329897,0.1402061855670103,0.0,-2.434899499311757,3.0719372896314265
day_c_SON,439,0.876993166287016,0.10478359908883828,0.018223234624145785,-0.25714093177051617,1.8066664914730566
