parameter,m_night,m_day,m_lai,m_agb,m_soc,gpp,reco,nee,peak_lai,wood_change,soil_change,score
photosynthetic_capacity,0.827,0.792,0.284,0.251,0.118,1.0,0.953,0.572,0.383,0.41,0.327,1.0
initial_soil_organic_carbon,0.372,0.202,0.0,0.0,1.0,0.0,0.592,0.526,0.0,0.0,0.592,1.0
soil_respiration_rate_at_10c,0.473,0.349,0.0,0.0,0.555,0.0,1.0,0.888,0.0,0.0,1.0,1.0
leaf_on_growth,1.0,1.0,0.863,0.358,0.114,0.399,0.61,0.428,0.961,0.68,0.205,1.0
respiration_share,0.618,0.638,1.0,0.265,0.129,0.205,0.805,1.0,1.0,1.0,0.414,1.0
initial_wood_carbon,0.188,0.127,0.131,1.0,0.065,0.045,0.28,0.273,0.153,0.513,0.157,1.0
leaf_allocation,0.584,0.276,0.727,0.213,0.062,0.248,0.395,0.215,0.955,0.162,0.164,0.955
half_saturation_light,0.326,0.597,0.438,0.296,0.108,0.68,0.455,0.562,0.656,0.48,0.308,0.68
soil_water_holding_capacity,0.301,0.391,0.483,0.121,0.151,0.654,0.39,0.593,0.567,0.463,0.304,0.654
wood_allocation,0.022,0.032,0.129,0.14,0.024,0.025,0.068,0.079,0.062,0.521,0.106,0.521
light_extinction_coefficient,0.122,0.486,0.215,0.065,0.047,0.235,0.134,0.223,0.282,0.149,0.119,0.486
optimum_photosynthesis_temperature,0.373,0.322,0.254,0.069,0.049,0.28,0.463,0.202,0.308,0.293,0.135,0.463
water_removal_fraction,0.129,0.451,0.208,0.05,0.083,0.19,0.115,0.28,0.213,0.135,0.201,0.451
wood_respiration_rate_at_10c,0.213,0.169,0.157,0.163,0.043,0.105,0.437,0.42,0.27,0.438,0.141,0.438
water_use_efficiency,0.422,0.386,0.413,0.195,0.047,0.422,0.42,0.254,0.43,0.222,0.121,0.43
leaf_carbon_per_area,0.111,0.287,0.353,0.063,0.034,0.15,0.096,0.123,0.429,0.1,0.061,0.429
vapor_pressure_deficit_slope,0.106,0.295,0.058,0.049,0.043,0.139,0.072,0.162,0.103,0.124,0.086,0.295
wood_turnover_rate,0.021,0.008,0.01,0.104,0.084,0.007,0.029,0.025,0.025,0.292,0.153,0.292
coarse_root_respiration_rate_at_10c,0.081,0.058,0.103,0.127,0.032,0.026,0.231,0.24,0.165,0.225,0.075,0.24
wood_respiration_q10,0.166,0.217,0.1,0.066,0.024,0.081,0.143,0.12,0.146,0.134,0.052,0.217
soil_respiration_q10,0.203,0.111,0.0,0.0,0.081,0.0,0.173,0.154,0.0,0.0,0.173,0.203
coarse_root_turnover_rate,0.012,0.009,0.021,0.002,0.079,0.017,0.035,0.038,0.036,0.141,0.196,0.196
leaf_on_growing_degree_days,0.061,0.18,0.079,0.022,0.022,0.155,0.13,0.105,0.071,0.193,0.095,0.193
soil_respiration_moisture_exponent,0.173,0.104,0.0,0.0,0.11,0.0,0.19,0.169,0.0,0.0,0.19,0.19
coarse_root_fraction,0.188,0.073,0.063,0.143,0.032,0.038,0.145,0.105,0.076,0.049,0.074,0.188
leaf_turnover_rate,0.092,0.036,0.16,0.016,0.008,0.03,0.062,0.053,0.178,0.044,0.022,0.178
leaf_off_day,0.128,0.059,0.004,0.025,0.016,0.16,0.15,0.09,0.037,0.071,0.042,0.16
fine_root_turnover_rate,0.02,0.008,0.004,0.029,0.014,0.005,0.01,0.005,0.009,0.0,0.011,0.029
fine_root_allocation,0.002,0.001,0.004,0.001,0.016,0.012,0.023,0.005,0.011,0.004,0.021,0.023
