year,doy_gdd400,doy_gdd500,doy_gdd600,doy_gdd700,doy_gdd800,doy_uptake,gdd_at_uptake,tsoil_at_uptake
2012,101,108,117,127,134,146.0,1009.1558050000001,14.844787499999999
2013,122,129,137,143,150,142.0,696.1565312499996,13.1041125
2014,126,133,139,146,153,154.0,827.9308333749999,14.002212499999999
2015,127,132,138,145,149,141.0,648.9462068749998,14.224712499999999
2016,109,117,129,136,143,150.0,943.5680068750007,15.0963875
2017,112,120,128,137,142,145.0,845.5744203750008,13.6228125
2018,121,126,133,140,145,146.0,827.4471268749991,15.04585
2019,117,127,137,143,149,152.0,851.4991793749999,13.73655
2020,110,124,134,141,147,156.0,972.5169887500006,14.903525
2021,114,123,131,138,143,,,
2022,110,121,130,136,142,,,
2023,106,116,126,132,139,,,
2024,112,122,130,137,143,,,
