name,units,support,prior_family,prior_arguments,q05,q50,q95,reaches_sipnet,provenance
photosynthetic_capacity,nmol g-1 s-1,positive,log_normal_from_interval,"lower=140, upper=450",161.45592084517216,251.93149295538012,401.7924563059558,ComputePhotosynthesisRates -> max_photosynthesis_rate = P*cFracLeaf*(1-rho)/aMaxFrac (aMax),"Reasoned. P = aMax(aMaxFrac+baseFolRespFrac)/cFracLeaf. Median 251 (aMax 123 nmol g-1 s-1, ~8 umol m-2 s-1 at the BETY SLA); 2.5% 140 ~ BETY Amax*SLA 97.5% (P 170) and below template (228); 97.5% 450 ~ top-canopy oak leaf Amax ~13 umol m-2 s-1 (approximate literature). Upper end cut from 500 after i4's GPP tail."
respiration_share,1,"(0, 1)",logit_normal_from_interval,"lower=0.04, upper=0.20",0.04846056743585957,0.09463158836133224,0.17754303176468209,ComputePhotosynthesisRates -> foliar_respiration_fraction = rho*aMaxFrac/(1-rho) (baseFolRespFrac),Reasoned from BETY: area Rd 0.66 umol m-2 s-1 over leaf gross Amax 6-15 gives 0.04-0.10; upper end reaches BETY's baseFolRespFrac-based 0.16.
optimum_photosynthesis_temperature,degC,real,Normal,"loc=22, scale=2.5",17.638488661178926,21.828456582598186,26.44725469721033,Copy -> optimum_photosynthesis_temperature (psnTOpt); DerivedParameter min = topt - 23.96 -> Copy min_photosynthesis_temperature (psnTMin),Reasoned: temperate-deciduous canopy optimum ~20-27 C (approximate literature); BETY median 43 C rejected (phase 1). psnTMin follows at fixed range psnTOpt-psnTMin = 23.96 C.
half_saturation_light,mol m-2 d-1,positive,log_normal_from_interval,"lower=4.6, upper=26.3",4.961346466321832,10.062209655147967,21.41779946056273,Copy -> half_saturation_light (halfSatPar),BETY temperate.deciduous 2.5-97.5% (4.6-26.3).
soil_water_holding_capacity,cm,positive,log_normal_from_interval,"lower=15, upper=150",18.42697316689229,51.858660792140284,123.37897047416257,Copy -> soil_water_holding_capacity (soilWHC),"Reasoned placeholder: from plant-available water of a ~1 m stony sandy-loam rooting zone (~15 cm, inferred) to past PEcAn's porosity x 2 m (88). Above ~88 the model is water-unlimited here (flat direction)."
leaf_on_growth,g m-2,positive,log_normal_from_interval,"lower=50, upper=180",60.03610993011898,91.30332334300496,148.50326560975887,Copy -> leaf_on_growth (leafGrowth),BETY 2.5% (50) kept; upper end cut from BETY 249 to 180 (LAI 5.9 at leafCSpWt 30.7): the pulse should not exceed a full Harvard canopy (reasoned).
leaf_on_growing_degree_days,K d,positive,log_normal_from_interval,"lower=500, upper=1100",552.4170919505187,740.6479394148582,1007.5925105159774,Copy -> leaf_on_growing_degree_days (gddLeafOn),"Driver-based: SIPNET GDD (base 0 C, sipnet.c:230-235) reaches 500 on DOY ~123, 700 on ~139, 800 on ~145; Harvard canopy develops mid-late May (approximate phenology literature; NEE-onset ~DOY 148 in the calibration data, GDD 847+-119). Median 742."
allocation.leaf,1,simplex,softmax_normal,"center=(0.18, 0.45, 0.065, 0.305), logit_sd=(0.25, 0.30, 0.30)",0.11493978103800838,0.17132555486161627,0.24511487726957165,"CopySimplex -> leaf_allocation, wood_allocation, fine_root_allocation; coarse root = SIPNET remainder (sipnet.c:1113-1115)","Simplex (leaf, wood, fine root, coarse root = SIPNET remainder). Leaf 0.18 and fine 0.065 BETY medians; wood raised 0.40->0.45 so coarse:wood allocation ~0.7 rather than 0.9 (reasoned; root:shoot ~0.2-0.3). Log-ratio sds 0.25/0.30/0.30 approximate BETY spreads."
allocation.wood,1,simplex,softmax_normal,"center=(0.18, 0.45, 0.065, 0.305), logit_sd=(0.25, 0.30, 0.30)",0.3390654932060802,0.45160895880031815,0.5675403169617833,"CopySimplex -> leaf_allocation, wood_allocation, fine_root_allocation; coarse root = SIPNET remainder (sipnet.c:1113-1115)","Simplex (leaf, wood, fine root, coarse root = SIPNET remainder). Leaf 0.18 and fine 0.065 BETY medians; wood raised 0.40->0.45 so coarse:wood allocation ~0.7 rather than 0.9 (reasoned; root:shoot ~0.2-0.3). Log-ratio sds 0.25/0.30/0.30 approximate BETY spreads."
allocation.fine_root,1,simplex,softmax_normal,"center=(0.18, 0.45, 0.065, 0.305), logit_sd=(0.25, 0.30, 0.30)",0.03966585106105822,0.06448978534949007,0.10227350318388854,"CopySimplex -> leaf_allocation, wood_allocation, fine_root_allocation; coarse root = SIPNET remainder (sipnet.c:1113-1115)","Simplex (leaf, wood, fine root, coarse root = SIPNET remainder). Leaf 0.18 and fine 0.065 BETY medians; wood raised 0.40->0.45 so coarse:wood allocation ~0.7 rather than 0.9 (reasoned; root:shoot ~0.2-0.3). Log-ratio sds 0.25/0.30/0.30 approximate BETY spreads."
allocation.coarse_root,1,simplex,softmax_normal,"center=(0.18, 0.45, 0.065, 0.305), logit_sd=(0.25, 0.30, 0.30)",0.24039233830357823,0.3055144234589898,0.3747330905907832,"CopySimplex -> leaf_allocation, wood_allocation, fine_root_allocation; coarse root = SIPNET remainder (sipnet.c:1113-1115)","Simplex (leaf, wood, fine root, coarse root = SIPNET remainder). Leaf 0.18 and fine 0.065 BETY medians; wood raised 0.40->0.45 so coarse:wood allocation ~0.7 rather than 0.9 (reasoned; root:shoot ~0.2-0.3). Log-ratio sds 0.25/0.30/0.30 approximate BETY spreads."
wood_respiration_rate_at_10c,yr-1,positive,log_normal_from_interval,"lower=0.006, upper=0.04",0.006927214797669627,0.014764213745955105,0.035404668904666634,DerivedParameters r10/vegRespQ10 -> base_wood_respiration_rate (baseVegResp) and r10/coarseRootQ10 -> base_coarse_root_respiration_rate,"Reasoned: base rate referenced to 10 C (baseVegResp = r10/vegRespQ10, sipnet.c:1066-1067); median 0.0155 yr-1 ~ 130 g C m-2 yr-1 at 8.6 kg C m-2 of wood; BETY stem draws judged unconstrained (phase 1). Also sets coarse-root respiration (tied: coarse roots are wood)."
soil_respiration_flux_at_10c,g m-2 yr-1,positive,log_normal_from_interval,"lower=200, upper=900",230.23275651548386,423.1709462263363,855.166004347803,DerivedParameter F10/(1000*SOC0*Q10) -> base_soil_respiration_rate (baseSoilResp),"Reparameterization of the Rh ridge: F10 = k10*SOC0, g C m-2 yr-1 at 10 C and M=1; baseSoilResp = F10/(1000*SOC0*Q10). Reasoned: Harvard heterotrophic respiration ~300-700 g C m-2 yr-1 (approximate literature). Pushforward of k10 checked against BETY."
soil_respiration_q10,1,positive,log_normal_from_interval,"lower=1.3, upper=3.2",1.3735719961312063,2.0782423807018304,2.9111002816398033,Copy -> soil_respiration_q10 (soilRespQ10); also enters baseSoilResp,"Reasoned: ecosystem-level Q10 converges near 1.4 (Mahecha et al. 2010, Science 329:838) while soil-chamber apparent Q10s are often 2-4; interval 1.3-3.2, median 2.04."
initial_wood_carbon,kg m-2,positive,log_normal_from_samples,site IC ensemble members,2.8755060834372284,7.288586805866247,23.521936638372182,ComputeInitialConditions -> total_wood_carbon = 1000*Cw/(1-fineRootFrac-coarseRootFrac),"Site 4977 initial-condition ensemble (100 members), log-normal fit to the members (log_normal_from_samples)."
initial_soil_organic_carbon,kg m-2,positive,log_normal_from_samples,site IC ensemble members,4.539686937087761,17.938474614040906,63.993155835222986,ComputeInitialConditions -> soil_carbon = 1000*Cs; also enters baseSoilResp,"Site 4977 initial-condition ensemble, log-normal fit to the members; its upper tail (to ~100 kg m-2) is kept, the SoilGrids observation constrains it."
