output,parameter,mu_star,mu,sigma
misfit_nee_night_centered,photosynthetic_capacity,1247.723843546092,1247.723843546092,2172.993891769525
misfit_nee_night_centered,respiration_share,932.3892217850149,845.8194964229775,1432.5412353607098
misfit_nee_night_centered,half_saturation_light,491.3858457430297,-400.86744233460286,718.4295955888017
misfit_nee_night_centered,light_extinction_coefficient,184.18636532922872,-139.5072915077457,305.0395692712677
misfit_nee_night_centered,leaf_carbon_per_area,167.35231738986005,43.27628175864852,428.4480436583264
misfit_nee_night_centered,optimum_photosynthesis_temperature,562.4016435209235,-546.5909411699729,744.4810371083786
misfit_nee_night_centered,vapor_pressure_deficit_slope,159.48418923158064,-130.8870856925918,379.7616281012533
misfit_nee_night_centered,soil_water_holding_capacity,453.3720334538938,441.39773194865336,634.8979664187355
misfit_nee_night_centered,water_removal_fraction,193.91922470946974,-41.21990041570048,350.5536224300585
misfit_nee_night_centered,water_use_efficiency,636.9277157709608,595.0767268900911,1231.6522009258292
misfit_nee_night_centered,leaf_on_growing_degree_days,92.00742513606662,-69.63788654183764,166.91383786775873
misfit_nee_night_centered,leaf_off_day,193.0501181170578,137.80652184711568,238.2512560582112
misfit_nee_night_centered,leaf_on_growth,1508.2880974589143,1502.2041984348166,2880.6125861026762
misfit_nee_night_centered,leaf_allocation,880.6844004357836,875.3633257683426,1954.3359626280421
misfit_nee_night_centered,leaf_turnover_rate,138.63576843870487,-137.48079191136117,299.62597249861176
misfit_nee_night_centered,wood_allocation,33.62599505872968,-26.100786136581007,58.719299031999235
misfit_nee_night_centered,fine_root_allocation,3.1308940922778987,-1.5976475126013583,5.755944197200185
misfit_nee_night_centered,wood_turnover_rate,31.74995301570158,29.626191863126962,65.78878716060007
misfit_nee_night_centered,fine_root_turnover_rate,30.27033659700898,-25.611233362619096,84.3972043267018
misfit_nee_night_centered,coarse_root_turnover_rate,18.42702499508124,-4.1191276610786645,28.707853272818873
misfit_nee_night_centered,wood_respiration_rate_at_10c,321.8625299019417,-223.6949478276686,374.8719753760281
misfit_nee_night_centered,wood_respiration_q10,250.77675010049262,-174.81183197976483,355.6733225079178
misfit_nee_night_centered,soil_respiration_rate_at_10c,714.0847891991364,381.436045126685,919.2679326487658
misfit_nee_night_centered,soil_respiration_q10,306.3340829878122,284.0415083322266,319.8675703795331
misfit_nee_night_centered,soil_respiration_moisture_exponent,261.55214176387506,-226.96151507821688,342.26379033991935
misfit_nee_night_centered,coarse_root_respiration_rate_at_10c,121.99206990612215,22.244667334887815,205.59134116332532
misfit_nee_night_centered,coarse_root_fraction,283.7581801391931,238.54278141651304,693.6212298617247
misfit_nee_night_centered,initial_wood_carbon,283.64119177271243,74.82557803215107,423.8818323734011
misfit_nee_night_centered,initial_soil_organic_carbon,560.7824037786081,448.20723277965664,681.061476439993
misfit_nee_day_centered,photosynthetic_capacity,11432.866937241555,6810.6142655544845,14236.4275941847
misfit_nee_day_centered,respiration_share,9199.564841027126,1085.012043671019,13266.598386767404
misfit_nee_day_centered,half_saturation_light,8610.385190128252,-1154.0546905491972,13340.142468770653
misfit_nee_day_centered,light_extinction_coefficient,7006.6367568943,-5988.1763759045,14963.923353124743
misfit_nee_day_centered,leaf_carbon_per_area,4136.126280691035,2833.732812409701,6359.170932204488
misfit_nee_day_centered,optimum_photosynthesis_temperature,4650.543137580696,-4628.946815246973,3861.3295407750857
misfit_nee_day_centered,vapor_pressure_deficit_slope,4256.6263092546815,-812.6978490210485,5485.328914933085
misfit_nee_day_centered,soil_water_holding_capacity,5638.907619444485,-1960.124837208919,10431.522952246818
misfit_nee_day_centered,water_removal_fraction,6509.937443934729,3307.637717897001,11818.806313284871
misfit_nee_day_centered,water_use_efficiency,5570.187303011471,-2790.92921033447,8576.643387941122
misfit_nee_day_centered,leaf_on_growing_degree_days,2603.7430041236557,-2492.605530186213,3390.7177397260803
misfit_nee_day_centered,leaf_off_day,848.1636685107645,-351.7292345112024,967.6946572586087
misfit_nee_day_centered,leaf_on_growth,14426.579459673778,12405.923383002662,14323.051279292738
misfit_nee_day_centered,leaf_allocation,3976.9617996670218,2612.527444312179,6061.236300502081
misfit_nee_day_centered,leaf_turnover_rate,515.6383195520581,-106.18822363900244,646.9443456124618
misfit_nee_day_centered,wood_allocation,468.0432511989143,238.49175187606238,1495.6246771832202
misfit_nee_day_centered,fine_root_allocation,18.588213894667707,1.4870138557587325,29.338676259685105
misfit_nee_day_centered,wood_turnover_rate,121.54822465959118,-4.011766845667131,246.56180384015823
misfit_nee_day_centered,fine_root_turnover_rate,112.65093577789112,104.60797380239337,440.35887731773175
misfit_nee_day_centered,coarse_root_turnover_rate,126.891409361494,-64.36073420228283,166.21256428835233
misfit_nee_day_centered,wood_respiration_rate_at_10c,2441.6603017706234,1082.036000701324,2929.0442913962456
misfit_nee_day_centered,wood_respiration_q10,3134.027317324773,3114.6543750873093,3744.948301252795
misfit_nee_day_centered,soil_respiration_rate_at_10c,5040.744216489469,3652.5754562586108,5801.618691786593
misfit_nee_day_centered,soil_respiration_q10,1597.9015513616478,1497.255886046271,1523.8223024535132
misfit_nee_day_centered,soil_respiration_moisture_exponent,1495.3943927531202,-1031.2815364862463,1892.4708632399668
misfit_nee_day_centered,coarse_root_respiration_rate_at_10c,843.6896045177575,527.9217519291674,1040.1887646240777
misfit_nee_day_centered,coarse_root_fraction,1060.2848711389213,580.9028160296409,2108.8343238547964
misfit_nee_day_centered,initial_wood_carbon,1831.7318787892814,350.8871720314414,2206.7712203210617
misfit_nee_day_centered,initial_soil_organic_carbon,2907.1654853331765,2531.1680238344934,3032.063209728659
misfit_modis_leaf_area_index,photosynthetic_capacity,367.1585558590521,219.29816094596384,503.6597880750576
misfit_modis_leaf_area_index,respiration_share,1293.7522011500987,-1099.2102845147747,3138.958659121387
misfit_modis_leaf_area_index,half_saturation_light,566.930155666854,-189.72839566148303,924.6574050113594
misfit_modis_leaf_area_index,light_extinction_coefficient,277.8891473744535,-252.1720780284656,429.5134729647643
misfit_modis_leaf_area_index,leaf_carbon_per_area,456.58756484047717,-314.06011111336085,815.8949572305239
misfit_modis_leaf_area_index,optimum_photosynthesis_temperature,329.15859789345393,171.46968899394346,831.3834542355676
misfit_modis_leaf_area_index,vapor_pressure_deficit_slope,74.62649117468195,-27.09430457684734,106.601867953428
misfit_modis_leaf_area_index,soil_water_holding_capacity,625.0316388330646,485.50901864328733,1640.5092807229894
misfit_modis_leaf_area_index,water_removal_fraction,269.5537182889157,247.12499083190414,436.1962737079912
misfit_modis_leaf_area_index,water_use_efficiency,534.080966302104,415.96913774384814,1246.720239154325
misfit_modis_leaf_area_index,leaf_on_growing_degree_days,101.601300224619,-66.59403793277956,169.085567616249
misfit_modis_leaf_area_index,leaf_off_day,5.145153914074486,-3.6012293783326044,11.18243320674004
misfit_modis_leaf_area_index,leaf_on_growth,1117.0261912614894,906.5717701109616,1222.126623792977
misfit_modis_leaf_area_index,leaf_allocation,940.7737253851317,731.877413264511,1601.034937878198
misfit_modis_leaf_area_index,leaf_turnover_rate,207.321423232618,-171.84569941999865,405.40308348312885
misfit_modis_leaf_area_index,wood_allocation,167.4768939101362,130.0978284778472,653.3731998668367
misfit_modis_leaf_area_index,fine_root_allocation,4.817466381980831,4.527693260677064,12.47502702019411
misfit_modis_leaf_area_index,wood_turnover_rate,12.7437951808536,2.9208596626707943,23.510306036383263
misfit_modis_leaf_area_index,fine_root_turnover_rate,5.7357590786590995,5.659031314646404,23.797198994531257
misfit_modis_leaf_area_index,coarse_root_turnover_rate,26.907024472235246,24.396331257619263,40.08456899734542
misfit_modis_leaf_area_index,wood_respiration_rate_at_10c,203.46627306049155,-87.21747382920253,347.9547316454163
misfit_modis_leaf_area_index,wood_respiration_q10,129.8121261384596,64.84280001449561,211.7987551019962
misfit_modis_leaf_area_index,soil_respiration_rate_at_10c,0.0,0.0,0.0
misfit_modis_leaf_area_index,soil_respiration_q10,0.0,0.0,0.0
misfit_modis_leaf_area_index,soil_respiration_moisture_exponent,0.0,0.0,0.0
misfit_modis_leaf_area_index,coarse_root_respiration_rate_at_10c,132.79372856507342,-119.07397329062235,248.4532540709569
misfit_modis_leaf_area_index,coarse_root_fraction,81.28334857640718,-75.89853970878175,165.3499420641355
misfit_modis_leaf_area_index,initial_wood_carbon,168.8772879535865,-128.23971672879742,203.19170388513317
misfit_modis_leaf_area_index,initial_soil_organic_carbon,0.0,0.0,0.0
misfit_landtrendr_aboveground_biomass,photosynthetic_capacity,29.825629246762606,24.018524460438705,73.03408900652674
misfit_landtrendr_aboveground_biomass,respiration_share,31.556771026128594,3.7675235009199093,45.7465417044504
misfit_landtrendr_aboveground_biomass,half_saturation_light,35.12432634360071,27.023360586760777,58.71023123823385
misfit_landtrendr_aboveground_biomass,light_extinction_coefficient,7.71919321071851,-2.410412196254641,12.872234134411688
misfit_landtrendr_aboveground_biomass,leaf_carbon_per_area,7.461181041984942,-5.6507922715985455,15.478172951433844
misfit_landtrendr_aboveground_biomass,optimum_photosynthesis_temperature,8.144589050824681,-3.92835339341987,14.504905013079666
misfit_landtrendr_aboveground_biomass,vapor_pressure_deficit_slope,5.862299312313772,-1.438387666570922,10.092200627832383
misfit_landtrendr_aboveground_biomass,soil_water_holding_capacity,14.353428424774108,1.0456347348511366,23.3999379760746
misfit_landtrendr_aboveground_biomass,water_removal_fraction,5.961574637568475,-1.0867790948407212,9.002538999360441
misfit_landtrendr_aboveground_biomass,water_use_efficiency,23.227295256297577,-14.182716765226578,46.87257208022241
misfit_landtrendr_aboveground_biomass,leaf_on_growing_degree_days,2.6309902270947103,0.4793161348106837,3.3700072145742177
misfit_landtrendr_aboveground_biomass,leaf_off_day,2.9550373256449367,0.8501974617104707,3.6267392543356194
misfit_landtrendr_aboveground_biomass,leaf_on_growth,42.52876121800524,23.44707183784409,63.328475524695044
misfit_landtrendr_aboveground_biomass,leaf_allocation,25.341719984409984,-22.08838962744661,51.5174550001846
misfit_landtrendr_aboveground_biomass,leaf_turnover_rate,1.8987688045462314,-0.4359338433076164,2.934479776837472
misfit_landtrendr_aboveground_biomass,wood_allocation,16.589361370852906,5.66510020288078,26.919382330547343
misfit_landtrendr_aboveground_biomass,fine_root_allocation,0.06781849919566718,-0.0137758363356256,0.1362199143763933
misfit_landtrendr_aboveground_biomass,wood_turnover_rate,12.414572131792275,-7.055273088868496,17.17936777080765
misfit_landtrendr_aboveground_biomass,fine_root_turnover_rate,3.447768966902296,3.434766712957596,14.815521767387645
misfit_landtrendr_aboveground_biomass,coarse_root_turnover_rate,0.2458224467177365,0.01632051189530581,0.34866443837307814
misfit_landtrendr_aboveground_biomass,wood_respiration_rate_at_10c,19.402935315564054,6.10609593734211,30.788122111876017
misfit_landtrendr_aboveground_biomass,wood_respiration_q10,7.850289927060222,3.193925099229852,15.19901304663616
misfit_landtrendr_aboveground_biomass,soil_respiration_rate_at_10c,0.0,0.0,0.0
misfit_landtrendr_aboveground_biomass,soil_respiration_q10,0.0,0.0,0.0
misfit_landtrendr_aboveground_biomass,soil_respiration_moisture_exponent,0.0,0.0,0.0
misfit_landtrendr_aboveground_biomass,coarse_root_respiration_rate_at_10c,15.124535407497916,0.8525753273660535,29.367100301127795
misfit_landtrendr_aboveground_biomass,coarse_root_fraction,16.94064624377526,-15.338957949558283,33.60123648224488
misfit_landtrendr_aboveground_biomass,initial_wood_carbon,118.86160573826153,-46.52380561174262,127.18752648669283
misfit_landtrendr_aboveground_biomass,initial_soil_organic_carbon,0.0,0.0,0.0
misfit_soilgrids_soil_organic_carbon,photosynthetic_capacity,0.22343267827494068,0.05233198574380218,0.3654693925105542
misfit_soilgrids_soil_organic_carbon,respiration_share,0.24419889292629388,-0.148777521895826,0.3823834544739731
misfit_soilgrids_soil_organic_carbon,half_saturation_light,0.20374395531023098,-0.04882128650678698,0.4204990711422958
misfit_soilgrids_soil_organic_carbon,light_extinction_coefficient,0.08841715578929409,-0.040556816322828405,0.15119673290468383
misfit_soilgrids_soil_organic_carbon,leaf_carbon_per_area,0.06500840845451529,0.04414457716038287,0.09391522461442323
misfit_soilgrids_soil_organic_carbon,optimum_photosynthesis_temperature,0.09355646899533812,-0.005600056284280246,0.16082523909341864
misfit_soilgrids_soil_organic_carbon,vapor_pressure_deficit_slope,0.08096570012608728,-0.013508441346052535,0.1241311540271474
misfit_soilgrids_soil_organic_carbon,soil_water_holding_capacity,0.2846467527376625,0.14524161924911708,0.42334884122628264
misfit_soilgrids_soil_organic_carbon,water_removal_fraction,0.15703940289525392,0.13155956692177379,0.22341967529627188
misfit_soilgrids_soil_organic_carbon,water_use_efficiency,0.08967367805882304,0.05020521126389884,0.13562213085902633
misfit_soilgrids_soil_organic_carbon,leaf_on_growing_degree_days,0.04221676180280007,-0.015476956087367466,0.09446780793976779
misfit_soilgrids_soil_organic_carbon,leaf_off_day,0.03066501209324406,0.02513956770521506,0.04904741619877338
misfit_soilgrids_soil_organic_carbon,leaf_on_growth,0.21643366153664,0.12096854944679669,0.2857772119688488
misfit_soilgrids_soil_organic_carbon,leaf_allocation,0.11638714631183797,0.04319526821083635,0.1940341874064224
misfit_soilgrids_soil_organic_carbon,leaf_turnover_rate,0.01582850275445314,0.012786296153907927,0.02414977654714442
misfit_soilgrids_soil_organic_carbon,wood_allocation,0.04570254362569561,-0.040419052648478074,0.09459649822386397
misfit_soilgrids_soil_organic_carbon,fine_root_allocation,0.029668093607191703,0.013604512373761413,0.04848442858475335
misfit_soilgrids_soil_organic_carbon,wood_turnover_rate,0.1584249563140385,0.09678858878148952,0.22661196935681296
misfit_soilgrids_soil_organic_carbon,fine_root_turnover_rate,0.02647839570771454,0.020927432324359313,0.037251874708531
misfit_soilgrids_soil_organic_carbon,coarse_root_turnover_rate,0.14933232572152932,0.11850002491652392,0.26759968565878595
misfit_soilgrids_soil_organic_carbon,wood_respiration_rate_at_10c,0.0821583043768521,-0.021384671135265838,0.13557502273836836
misfit_soilgrids_soil_organic_carbon,wood_respiration_q10,0.04624930485703967,0.034896665378677874,0.07315922532635064
misfit_soilgrids_soil_organic_carbon,soil_respiration_rate_at_10c,1.049952702785513,-0.7240466006174843,1.1890772557791363
misfit_soilgrids_soil_organic_carbon,soil_respiration_q10,0.15404673113070752,-0.07956225855819499,0.25319799076164723
misfit_soilgrids_soil_organic_carbon,soil_respiration_moisture_exponent,0.20840699367834023,0.18980369239832262,0.24969258756693302
misfit_soilgrids_soil_organic_carbon,coarse_root_respiration_rate_at_10c,0.06140041731759812,-0.0008467210990165993,0.10392646668369371
misfit_soilgrids_soil_organic_carbon,coarse_root_fraction,0.061336151659046614,0.0524262760430361,0.1217448147581848
misfit_soilgrids_soil_organic_carbon,initial_wood_carbon,0.12347119536914294,0.08683952910471791,0.15590027684322336
misfit_soilgrids_soil_organic_carbon,initial_soil_organic_carbon,1.8910511358483713,1.5607559231206516,1.572719157435678
gpp,photosynthetic_capacity,1092.7199653846153,841.2561115384615,900.6479784631075
gpp,respiration_share,224.4072230769231,-224.4072230769231,370.8266382511439
gpp,half_saturation_light,742.7279538461537,-742.7279538461537,396.5799575675723
gpp,light_extinction_coefficient,257.29074230769237,-257.29074230769237,166.2882901873055
gpp,leaf_carbon_per_area,163.87865769230766,163.87865769230766,120.06722726573496
gpp,optimum_photosynthesis_temperature,305.9596269230769,-81.16083461538457,379.944588710107
gpp,vapor_pressure_deficit_slope,151.45062115384607,-148.19490576923067,205.52499719805087
gpp,soil_water_holding_capacity,714.6271211538462,714.6271211538462,668.5331779535367
gpp,water_removal_fraction,208.06831153846161,205.97888076923073,267.41962289197545
gpp,water_use_efficiency,461.3406230769231,461.3406230769231,485.1759077412883
gpp,leaf_on_growing_degree_days,169.65443653846154,-169.65443653846154,82.40471973898526
gpp,leaf_off_day,175.31841346153846,175.31841346153846,97.88100554726282
gpp,leaf_on_growth,436.4313346153846,111.47597307692317,577.3999168358952
gpp,leaf_allocation,271.06127884615375,271.06127884615375,359.5296893191841
gpp,leaf_turnover_rate,33.03141346153843,-30.251590384615344,40.911350557182715
gpp,wood_allocation,27.012611538461506,22.541007692307794,71.23028517151491
gpp,fine_root_allocation,13.641011538461601,-12.395065384615373,58.33150607826196
gpp,wood_turnover_rate,7.247365384615415,7.247365384615415,13.608514230380607
gpp,fine_root_turnover_rate,5.796796153846265,-5.6330999999999,22.944120131440005
gpp,coarse_root_turnover_rate,18.538240384615403,-10.589255769230766,66.43452644939823
gpp,wood_respiration_rate_at_10c,114.26778461538463,-114.26778461538463,227.01405043007892
gpp,wood_respiration_q10,88.49860961538474,-59.00155961538452,244.06164150147376
gpp,soil_respiration_rate_at_10c,0.0,0.0,0.0
gpp,soil_respiration_q10,0.0,0.0,0.0
gpp,soil_respiration_moisture_exponent,0.0,0.0,0.0
gpp,coarse_root_respiration_rate_at_10c,28.056213461538515,-28.056213461538515,58.50102505430257
gpp,coarse_root_fraction,40.981234615384594,19.131692307692354,89.89259309619851
gpp,initial_wood_carbon,48.87669807692287,-38.70872884615364,110.80933183391247
gpp,initial_soil_organic_carbon,0.0,0.0,0.0
reco,photosynthetic_capacity,667.104675,534.3935711538461,548.8053130923159
reco,respiration_share,563.4743480769232,563.4743480769232,432.1597208125479
reco,half_saturation_light,318.13277884615377,-299.6600365384615,342.3614075352699
reco,light_extinction_coefficient,93.74674615384615,-81.86371153846154,93.95004827529692
reco,leaf_carbon_per_area,66.94225961538454,66.94225961538454,67.2189207629676
reco,optimum_photosynthesis_temperature,323.9367346153845,-200.63918076923088,378.5738975174752
reco,vapor_pressure_deficit_slope,50.192648076923184,-20.619340384615224,84.91377324264448
reco,soil_water_holding_capacity,272.82903461538456,272.82903461538456,221.99862665821345
reco,water_removal_fraction,80.44785000000009,-13.661850000000001,137.4248152181899
reco,water_use_efficiency,294.0101653846155,294.0101653846155,356.26857841935396
reco,leaf_on_growing_degree_days,90.89820000000017,-90.89820000000017,70.76789166329407
reco,leaf_off_day,105.21544615384605,105.21544615384605,51.772572703598016
reco,leaf_on_growth,426.6646384615386,328.7704846153848,379.2169975527535
reco,leaf_allocation,276.44236730769234,273.5262634615386,300.4020121665333
reco,leaf_turnover_rate,43.34314038461538,-41.52994038461537,48.5902651353757
reco,wood_allocation,47.5747211538461,-7.762678846153946,75.72764031182112
reco,fine_root_allocation,15.984155769230705,-13.347836538461587,57.16315092161997
reco,wood_turnover_rate,20.23990384615385,9.929134615384715,27.268010136081745
reco,fine_root_turnover_rate,7.217544230769133,-3.0392365384616737,19.021633886457057
reco,coarse_root_turnover_rate,24.670523076923093,-15.175765384615241,35.44996693081191
reco,wood_respiration_rate_at_10c,305.77296923076915,216.9212192307691,326.2715548069052
reco,wood_respiration_q10,100.1525019230769,-74.35589423076928,174.27402193694738
reco,soil_respiration_rate_at_10c,699.9091211538462,699.9091211538462,296.09397958579035
reco,soil_respiration_q10,121.23894807692325,118.40237884615401,83.98667985342482
reco,soil_respiration_moisture_exponent,132.83661923076923,-132.83661923076923,87.83864100334421
reco,coarse_root_respiration_rate_at_10c,161.72322115384614,160.70215961538466,210.86062477115837
reco,coarse_root_fraction,101.7913384615384,101.7913384615384,120.40693373806386
reco,initial_wood_carbon,196.0741096153846,176.61795576923075,154.0873982575439
reco,initial_soil_organic_carbon,414.08207884615393,414.08207884615393,200.17607878316667
nee,photosynthetic_capacity,450.56886346153834,-306.862598076923,540.1462997292249
nee,respiration_share,787.8843115384616,787.8843115384616,441.15660399717376
nee,half_saturation_light,443.06784807692304,443.06784807692304,246.9450847276249
nee,light_extinction_coefficient,175.63253076923084,175.42464230769238,159.57579083794312
nee,leaf_carbon_per_area,96.93470769230764,-96.93470769230764,89.99884553981306
nee,optimum_photosynthesis_temperature,158.92464230769235,-119.47796538461537,184.07986718261364
nee,vapor_pressure_deficit_slope,127.62264807692301,127.57334423076921,164.2725311995464
nee,soil_water_holding_capacity,467.4098538461538,-441.7980576923077,492.50166049643565
nee,water_removal_fraction,220.91920961538463,-219.6405865384615,222.64600990387476
nee,water_use_efficiency,200.17839807692303,-167.33206730769228,196.3336333780653
nee,leaf_on_growing_degree_days,82.44099230769231,78.75758076923077,58.85190867040448
nee,leaf_off_day,70.55695961538463,-70.10669423076926,62.69399526495391
nee,leaf_on_growth,336.8981711538462,217.29965192307696,348.7819996675311
nee,leaf_allocation,169.6895769230769,2.4666230769230735,242.40104922661573
nee,leaf_turnover_rate,41.99055000000003,-11.278188461538452,64.18152744387432
nee,wood_allocation,62.048976923076864,-30.30265384615381,104.87587860280001
nee,fine_root_allocation,3.6050942307692666,-0.9506596153846987,5.484378701522401
nee,wood_turnover_rate,19.813626923076885,2.679276923076894,29.01337612552122
nee,fine_root_turnover_rate,3.645415384615383,2.594053846153871,5.438168977385287
nee,coarse_root_turnover_rate,30.096611538461566,-4.587415384615339,47.53870384228477
nee,wood_respiration_rate_at_10c,331.19356153846155,331.19356153846155,238.8399227186071
nee,wood_respiration_q10,94.5288461538461,-15.354207692307691,128.40475220305635
nee,soil_respiration_rate_at_10c,699.9081115384615,699.9081115384615,296.09168300128476
nee,soil_respiration_q10,121.23889615384614,118.40230384615384,83.98487959059139
nee,soil_respiration_moisture_exponent,132.83515384615384,-132.83515384615384,87.83493887956163
nee,coarse_root_respiration_rate_at_10c,188.76312115384613,188.76312115384613,264.43542684684695
nee,coarse_root_fraction,82.6618846153846,82.6618846153846,83.85905014731989
nee,initial_wood_carbon,215.33004230769234,215.33004230769234,124.34860020885287
nee,initial_soil_organic_carbon,414.08200961538466,414.08200961538466,200.17456228326395
ra_over_gpp,photosynthetic_capacity,0.26399964544871646,-0.016878902847607683,0.33780188770755076
ra_over_gpp,respiration_share,0.6478647774475831,0.6478647774475831,0.28820959803451035
ra_over_gpp,half_saturation_light,0.3206189591577205,0.3206189591577205,0.3028410715108877
ra_over_gpp,light_extinction_coefficient,0.07237926564410321,0.07193436497623969,0.11764594306252035
ra_over_gpp,leaf_carbon_per_area,0.088767299737863,-0.088767299737863,0.10421922740999089
ra_over_gpp,optimum_photosynthesis_temperature,0.1831590056300634,-0.1831590056300634,0.11537461436620577
ra_over_gpp,vapor_pressure_deficit_slope,0.05614094268645977,0.05377230892332073,0.07521617649683483
ra_over_gpp,soil_water_holding_capacity,0.12779968303488393,-0.12779968303488393,0.16602950592429447
ra_over_gpp,water_removal_fraction,0.04797175517191345,-0.04504657566341884,0.05582321603208053
ra_over_gpp,water_use_efficiency,0.14229702979200004,-0.14229702979200004,0.14932073315230932
ra_over_gpp,leaf_on_growing_degree_days,0.02506855817132241,0.021728955604298675,0.03148271063651575
ra_over_gpp,leaf_off_day,0.03296406209056524,-0.0229450095591082,0.034427166736907704
ra_over_gpp,leaf_on_growth,0.25516477193790144,0.21543495476431565,0.26000761643051806
ra_over_gpp,leaf_allocation,0.14091882158704613,-0.03473576967192228,0.24209805220706243
ra_over_gpp,leaf_turnover_rate,0.025879863055197273,-0.012763314739795048,0.03349269610948434
ra_over_gpp,wood_allocation,0.030056299514759466,-0.009989654638327555,0.041629880636137324
ra_over_gpp,fine_root_allocation,0.0051860272734078425,-0.00013442134777742198,0.010682601518869041
ra_over_gpp,wood_turnover_rate,0.016809912123347807,-0.016809912123347807,0.014816929106207187
ra_over_gpp,fine_root_turnover_rate,0.004176401794025763,0.0020468237701829818,0.01165123184184121
ra_over_gpp,coarse_root_turnover_rate,0.024535741958531268,-0.02062496509121462,0.025714648901975945
ra_over_gpp,wood_respiration_rate_at_10c,0.3022110437799804,0.3022110437799804,0.2340494803452055
ra_over_gpp,wood_respiration_q10,0.08160580849165923,0.00818571769535642,0.1025984049149094
ra_over_gpp,soil_respiration_rate_at_10c,0.0,0.0,0.0
ra_over_gpp,soil_respiration_q10,0.0,0.0,0.0
ra_over_gpp,soil_respiration_moisture_exponent,0.0,0.0,0.0
ra_over_gpp,coarse_root_respiration_rate_at_10c,0.13858895611083377,0.13858895611083377,0.1458331089710489
ra_over_gpp,coarse_root_fraction,0.06240511142038603,0.033781301829262096,0.09786667483053468
ra_over_gpp,initial_wood_carbon,0.16628687375540457,0.16628687375540457,0.11589817498841563
ra_over_gpp,initial_soil_organic_carbon,0.0,0.0,0.0
rroot_over_rsoil,photosynthetic_capacity,0.09023736915154902,0.06288506008391044,0.16880964544591304
rroot_over_rsoil,respiration_share,0.10257834204240646,-0.10257834204240646,0.07840167932580618
rroot_over_rsoil,half_saturation_light,0.06464973212078425,-0.06464973212078425,0.08252181846695164
rroot_over_rsoil,light_extinction_coefficient,0.026390456643301537,-0.026390456643301537,0.022268538880194363
rroot_over_rsoil,leaf_carbon_per_area,0.010445820538340079,0.010445820538340079,0.009253499630829196
rroot_over_rsoil,optimum_photosynthesis_temperature,0.02784148924282841,0.02209318639496876,0.06308385539130726
rroot_over_rsoil,vapor_pressure_deficit_slope,0.01669214058254114,-0.016570769702740785,0.018893510176703817
rroot_over_rsoil,soil_water_holding_capacity,0.06882789408892628,0.06387812566224127,0.09967797086312555
rroot_over_rsoil,water_removal_fraction,0.03791638319539986,0.03791638319539986,0.06888221073632282
rroot_over_rsoil,water_use_efficiency,0.017565743601715898,0.011824588537073305,0.021790223248055074
rroot_over_rsoil,leaf_on_growing_degree_days,0.013491182329194402,-0.013491182329194402,0.016272068088393536
rroot_over_rsoil,leaf_off_day,0.006875181441713216,0.006803250931108723,0.008878716808189975
rroot_over_rsoil,leaf_on_growth,0.06997676778476583,-0.05489226355162831,0.17606365414508995
rroot_over_rsoil,leaf_allocation,0.033469920779528844,-0.02016295594311414,0.04563031132100487
rroot_over_rsoil,leaf_turnover_rate,0.005128706278750475,-0.0007139364045890495,0.011273749864082954
rroot_over_rsoil,wood_allocation,0.035462843479076245,-0.03291951985779472,0.040913446328976116
rroot_over_rsoil,fine_root_allocation,0.007605754767549172,-0.007323879779951968,0.008326846119260283
rroot_over_rsoil,wood_turnover_rate,0.005467300962847003,-0.005255107918179137,0.008471322343899853
rroot_over_rsoil,fine_root_turnover_rate,0.0018720815507897934,-0.0018720815507897934,0.0022677878965206254
rroot_over_rsoil,coarse_root_turnover_rate,0.045648143280218004,-0.045648143280218004,0.037341721188350704
rroot_over_rsoil,wood_respiration_rate_at_10c,0.030395621984153888,-0.030395621984153888,0.037312753694833375
rroot_over_rsoil,wood_respiration_q10,0.00964005262223383,-0.002317872911133387,0.017915174418677137
rroot_over_rsoil,soil_respiration_rate_at_10c,0.16610582641123423,-0.16610582641123423,0.10634320193987616
rroot_over_rsoil,soil_respiration_q10,0.026613108731636838,-0.025641589867837305,0.03146765249301492
rroot_over_rsoil,soil_respiration_moisture_exponent,0.05154858234097387,0.05154858234097387,0.06735586448547258
rroot_over_rsoil,coarse_root_respiration_rate_at_10c,0.3109685813128992,0.3109685813128992,0.2154561962127082
rroot_over_rsoil,coarse_root_fraction,0.06460418909382372,0.06460418909382372,0.05629631691127082
rroot_over_rsoil,initial_wood_carbon,0.0501358814382004,0.047688517555707285,0.05349623083754795
rroot_over_rsoil,initial_soil_organic_carbon,0.08049259845654293,-0.08049259845654293,0.0598220508733038
peak_lai,photosynthetic_capacity,1.6157718956043954,0.6546843956043951,2.3256941845096106
peak_lai,respiration_share,4.216286552197802,-4.216286552197802,3.5114203674647144
peak_lai,half_saturation_light,2.7652696428571426,-2.7652696428571426,2.0709413238125047
peak_lai,light_extinction_coefficient,1.187205041208791,-1.187205041208791,1.244308753833192
peak_lai,leaf_carbon_per_area,1.8095270879120882,-1.8095270879120882,1.215048286916435
peak_lai,optimum_photosynthesis_temperature,1.2974347664835164,1.150962376373626,1.7053525022322344
peak_lai,vapor_pressure_deficit_slope,0.43309089285714314,-0.415180315934066,0.46585715696289653
peak_lai,soil_water_holding_capacity,2.3894222939560437,2.389387678571428,2.405910440890211
peak_lai,water_removal_fraction,0.8960726373626369,0.8960726373626369,0.7474770004248971
peak_lai,water_use_efficiency,1.8142407280219774,1.8142407280219774,1.7970281497064868
peak_lai,leaf_on_growing_degree_days,0.29786140109890114,-0.2968921703296704,0.24132004490480682
peak_lai,leaf_off_day,0.15569546703296674,0.15258873626373645,0.17420429491906347
peak_lai,leaf_on_growth,4.050852156593407,3.918780041208791,2.6079208477198943
peak_lai,leaf_allocation,4.027229464285715,4.027229464285715,2.937575746889222
peak_lai,leaf_turnover_rate,0.7510756181318676,-0.7510756181318676,0.5773694935789909
peak_lai,wood_allocation,0.2628485576923075,0.1578742719780221,0.5605177096279276
peak_lai,fine_root_allocation,0.04594480769230783,0.003671318681318603,0.11819328950403553
peak_lai,wood_turnover_rate,0.10640175824175815,0.10640175824175815,0.21767504950336236
peak_lai,fine_root_turnover_rate,0.037207156593406156,-0.03485918956044,0.1614257472903361
peak_lai,coarse_root_turnover_rate,0.1527381043956051,0.06372381868131938,0.2489451898153812
peak_lai,wood_respiration_rate_at_10c,1.1396166483516477,-1.1396166483516477,0.9165981190835156
peak_lai,wood_respiration_q10,0.6135680494505495,0.1407099725274723,0.8846253797648945
peak_lai,soil_respiration_rate_at_10c,0.0,0.0,0.0
peak_lai,soil_respiration_q10,0.0,0.0,0.0
peak_lai,soil_respiration_moisture_exponent,0.0,0.0,0.0
peak_lai,coarse_root_respiration_rate_at_10c,0.6937895604395612,-0.6937895604395612,0.6543618600931356
peak_lai,coarse_root_fraction,0.3208362087912085,-0.05861313186813152,0.4723994490225343
peak_lai,initial_wood_carbon,0.6433414972527471,-0.5279568818681317,0.6549713695458941
peak_lai,initial_soil_organic_carbon,0.0,0.0,0.0
wood_change,photosynthetic_capacity,2061.59775,633.6352499999998,3445.0728857519625
wood_change,respiration_share,5022.96375,-5022.96375,3892.3416315695713
wood_change,half_saturation_light,2410.10475,-2410.10475,2969.8269092275905
wood_change,light_extinction_coefficient,747.3809999999997,-744.1349999999999,838.8534986609936
wood_change,leaf_carbon_per_area,500.151,500.151,570.7080731623056
wood_change,optimum_photosynthesis_temperature,1471.953,1251.0240000000001,2569.1799919053633
wood_change,vapor_pressure_deficit_slope,620.54175,-598.44975,1077.1377635201775
wood_change,soil_water_holding_capacity,2326.8315,2326.8315,2675.026846679398
wood_change,water_removal_fraction,676.7639999999998,635.2784999999994,910.1881995284209
wood_change,water_use_efficiency,1117.4384999999997,1117.4384999999997,992.7694709062223
wood_change,leaf_on_growing_degree_days,969.5895,-941.193,2550.4530277762733
wood_change,leaf_off_day,355.0117500000001,339.43425000000013,326.14345020443056
wood_change,leaf_on_growth,3414.9269999999997,-3349.5690000000004,3066.5590103535465
wood_change,leaf_allocation,816.02625,-335.93175000000014,1213.4954087526996
wood_change,leaf_turnover_rate,223.2772500000001,74.07374999999976,365.6769094608366
wood_change,wood_allocation,2616.778500000001,2578.7430000000004,3143.335970077014
wood_change,fine_root_allocation,19.11300000000001,10.117499999999835,37.4180858500833
wood_change,wood_turnover_rate,1467.7679999999993,-1467.7679999999993,1005.9371238569952
wood_change,fine_root_turnover_rate,2.2372500000001994,2.2372500000001994,3.570475228210206
wood_change,coarse_root_turnover_rate,710.0032499999998,-502.78575,2640.289083642305
wood_change,wood_respiration_rate_at_10c,2198.3594999999996,-2198.3594999999996,1768.5423301489518
wood_change,wood_respiration_q10,671.5064999999998,-18.14400000000028,1211.083292253371
wood_change,soil_respiration_rate_at_10c,0.0,0.0,0.0
wood_change,soil_respiration_q10,0.0,0.0,0.0
wood_change,soil_respiration_moisture_exponent,0.0,0.0,0.0
wood_change,coarse_root_respiration_rate_at_10c,1130.0445,-1130.0445,1541.6018502884888
wood_change,coarse_root_fraction,248.37450000000035,-195.84600000000015,484.8778355735871
wood_change,initial_wood_carbon,2578.440000000001,-2578.440000000001,1942.6402898578383
wood_change,initial_soil_organic_carbon,0.0,0.0,0.0
soil_change,photosynthetic_capacity,2978.7944999999995,2603.0099999999998,2855.377277835904
soil_change,respiration_share,3764.34,-2748.5895,3567.303469207999
soil_change,half_saturation_light,2806.6364999999996,-2235.6479999999992,2764.694256131275
soil_change,light_extinction_coefficient,1085.52975,-1085.52975,1039.644608582126
soil_change,leaf_carbon_per_area,554.1292499999997,533.8327499999998,540.412810988227
soil_change,optimum_photosynthesis_temperature,1227.3742500000005,-70.06124999999997,2007.9225825411256
soil_change,vapor_pressure_deficit_slope,782.3835000000004,-781.755,719.2635476359798
soil_change,soil_water_holding_capacity,2767.22025,2166.0697499999997,3006.0230012800857
soil_change,water_removal_fraction,1826.60925,1826.60925,1725.9804716581991
soil_change,water_use_efficiency,1101.7012499999998,518.4052499999995,1555.0945346814085
soil_change,leaf_on_growing_degree_days,865.8937499999993,79.71225000000076,2234.5408176569376
soil_change,leaf_off_day,379.4212499999993,373.5592499999996,353.7998525678595
soil_change,leaf_on_growth,1865.0212499999998,1618.4677499999998,1634.9810498294005
soil_change,leaf_allocation,1488.6675000000002,1353.4305,1571.4113421404447
soil_change,leaf_turnover_rate,202.85625000000033,60.719250000000486,317.7466703634192
soil_change,wood_allocation,960.4462500000003,-908.5162500000008,2123.575287348324
soil_change,fine_root_allocation,189.51149999999956,173.13900000000044,192.41486080725028
soil_change,wood_turnover_rate,1389.498,1389.3719999999998,878.2502350163734
soil_change,fine_root_turnover_rate,96.93150000000028,68.72250000000008,107.80810633152579
soil_change,coarse_root_turnover_rate,1780.9927499999994,1780.9927499999994,2139.7313325450314
soil_change,wood_respiration_rate_at_10c,1282.4295000000006,-1115.5245000000004,999.704771825294
soil_change,wood_respiration_q10,472.4579999999999,189.82800000000006,627.9589151252358
soil_change,soil_respiration_rate_at_10c,9098.8305,-9098.8305,3849.2422749018856
soil_change,soil_respiration_q10,1576.0919999999999,-1539.1995,1091.8054919537008
soil_change,soil_respiration_moisture_exponent,1726.87575,1726.87575,1141.845577914699
soil_change,coarse_root_respiration_rate_at_10c,681.4755000000005,-681.4755000000005,739.8253632977751
soil_change,coarse_root_fraction,674.9452499999998,567.7792499999998,650.7211964312627
soil_change,initial_wood_carbon,1427.6189999999995,1427.6189999999995,1393.1901100424163
soil_change,initial_soil_organic_carbon,5383.060287243608,-5383.060287243608,2602.300875404131
fine_root_end,photosynthetic_capacity,14.77898076923077,10.401634615384621,24.99997737428905
fine_root_end,respiration_share,55.8780576923077,-55.8780576923077,57.92594275933176
fine_root_end,half_saturation_light,25.473461538461535,-25.473461538461535,31.372150741324802
fine_root_end,light_extinction_coefficient,14.56194230769231,-14.473326923076925,25.476830879286062
fine_root_end,leaf_carbon_per_area,7.756903846153854,7.756903846153854,15.348781542443936
fine_root_end,optimum_photosynthesis_temperature,10.244942307692307,8.269442307692312,13.469999148294148
fine_root_end,vapor_pressure_deficit_slope,6.56151923076923,-5.536442307692308,11.460235232048534
fine_root_end,soil_water_holding_capacity,34.277538461538455,34.277538461538455,46.82535996682829
fine_root_end,water_removal_fraction,10.11340384615384,9.12213461538461,15.984025903312942
fine_root_end,water_use_efficiency,14.425673076923076,14.425673076923076,26.680126296684254
fine_root_end,leaf_on_growing_degree_days,5.123769230769231,-4.809115384615385,9.143361976633761
fine_root_end,leaf_off_day,7.5260769230769125,7.260576923076913,11.50097895816971
fine_root_end,leaf_on_growth,24.753288461538453,-19.62490384615385,42.41717224937391
fine_root_end,leaf_allocation,17.014557692307694,-1.015557692307694,31.137233837342436
fine_root_end,leaf_turnover_rate,2.7184038461538518,0.663865384615391,4.2754848808759975
fine_root_end,wood_allocation,4.586711538461539,-1.04971153846154,8.029891520469288
fine_root_end,fine_root_allocation,26.15469230769231,25.296923076923083,34.82314374274221
fine_root_end,wood_turnover_rate,1.290634615384621,1.290634615384621,1.6424670265415637
fine_root_end,fine_root_turnover_rate,127.4544230769231,-127.4544230769231,78.70842200743417
fine_root_end,coarse_root_turnover_rate,1.6660961538461536,1.4274807692307676,2.25294190340158
fine_root_end,wood_respiration_rate_at_10c,27.372057692307685,-27.372057692307685,44.50532487890285
fine_root_end,wood_respiration_q10,6.2012307692307775,0.16303846153846369,10.242324443743245
fine_root_end,soil_respiration_rate_at_10c,0.0,0.0,0.0
fine_root_end,soil_respiration_q10,0.0,0.0,0.0
fine_root_end,soil_respiration_moisture_exponent,0.0,0.0,0.0
fine_root_end,coarse_root_respiration_rate_at_10c,11.05067307692307,-11.05067307692307,11.770297378883013
fine_root_end,coarse_root_fraction,2.946634615384608,1.1755961538461484,4.982220315211749
fine_root_end,initial_wood_carbon,15.34782692307692,0.8054423076923058,23.280805152058345
fine_root_end,initial_soil_organic_carbon,0.0,0.0,0.0
coarse_root_end,photosynthetic_capacity,663.5252307692306,361.7581153846153,1178.8214987418626
coarse_root_end,respiration_share,1514.1397499999998,-1514.1397499999998,827.5622170375838
coarse_root_end,half_saturation_light,686.5383461538461,-686.5383461538461,479.33037988949377
coarse_root_end,light_extinction_coefficient,249.04880769230772,-247.91561538461534,263.3927097534251
coarse_root_end,leaf_carbon_per_area,131.38598076923097,131.38598076923097,140.10144709683686
coarse_root_end,optimum_photosynthesis_temperature,291.8500384615387,255.24196153846174,315.30420481575004
coarse_root_end,vapor_pressure_deficit_slope,190.8066923076922,-179.34507692307682,287.63176796898506
coarse_root_end,soil_water_holding_capacity,742.0161923076923,742.0161923076923,771.5020178542674
coarse_root_end,water_removal_fraction,258.2916346153846,237.00305769230764,416.00917119507454
coarse_root_end,water_use_efficiency,384.61275,384.61275,420.6221756920561
coarse_root_end,leaf_on_growing_degree_days,105.15582692307696,-94.68271153846152,90.21864562717714
coarse_root_end,leaf_off_day,136.35415384615402,114.36807692307704,182.34754925125375
coarse_root_end,leaf_on_growth,890.7976730769229,-733.9651730769231,1006.4562169658789
coarse_root_end,leaf_allocation,654.0379038461535,-570.383019230769,836.2135906701013
coarse_root_end,leaf_turnover_rate,72.42536538461543,9.066403846153808,116.90724341248378
coarse_root_end,wood_allocation,807.141230769231,-736.9411153846156,851.8894807452278
coarse_root_end,fine_root_allocation,118.06759615384608,-114.57051923076924,123.5490947717693
coarse_root_end,wood_turnover_rate,19.824057692307647,17.385980769230766,29.397896389401705
coarse_root_end,fine_root_turnover_rate,4.400192307692381,-3.6192692307691536,8.551986009897627
coarse_root_end,coarse_root_turnover_rate,736.3169423076921,-736.3169423076921,568.3105454896178
coarse_root_end,wood_respiration_rate_at_10c,598.184769230769,-598.184769230769,655.6993430830893
coarse_root_end,wood_respiration_q10,144.79009615384618,7.379134615384532,204.79156485748598
coarse_root_end,soil_respiration_rate_at_10c,0.0,0.0,0.0
coarse_root_end,soil_respiration_q10,0.0,0.0,0.0
coarse_root_end,soil_respiration_moisture_exponent,0.0,0.0,0.0
coarse_root_end,coarse_root_respiration_rate_at_10c,382.59132692307674,-382.59132692307674,682.0152742064806
coarse_root_end,coarse_root_fraction,1159.4659038461537,1159.4659038461537,675.2685350448381
coarse_root_end,initial_wood_carbon,990.4326923076922,954.535846153846,737.6357789059679
coarse_root_end,initial_soil_organic_carbon,0.0,0.0,0.0
misfit_total,photosynthetic_capacity,12084.648292351685,8301.707126492724,14434.569282054255
misfit_total,respiration_share,9674.315205963474,835.2400015582461,14762.836405266804
misfit_total,half_saturation_light,8873.832781441723,-1717.6759892450295,13922.143371125527
misfit_total,light_extinction_coefficient,7219.190897000711,-6382.306714453285,15375.445424120475
misfit_total,leaf_carbon_per_area,3639.895880188759,2557.3423353605517,5599.023057074403
misfit_total,optimum_photosynthesis_temperature,5032.683774023162,-5008.002020872708,4268.596735927214
misfit_total,vapor_pressure_deficit_slope,4209.441462571953,-972.1311353984053,5457.512574763609
misfit_total,soil_water_holding_capacity,6194.887525712745,-1032.0272102628803,11437.252052773469
misfit_total,water_removal_fraction,6695.284260951521,3512.587588785284,12033.540548449331
misfit_total,water_use_efficiency,5287.658485527295,-1794.0158572544933,8864.9901639449
misfit_total,leaf_on_growing_degree_days,2749.166638980602,-2628.373615482107,3594.8388790872577
misfit_total,leaf_off_day,774.3752134112405,-216.64860501300282,986.2541850062373
misfit_total,leaf_on_growth,16803.492331440786,14838.26739193573,15748.486199013909
misfit_total,leaf_allocation,5218.880931877362,4197.722988985797,6817.816010920009
misfit_total,leaf_turnover_rate,730.2117595973209,-415.93786251751726,864.479409206542
misfit_total,wood_allocation,615.9780676842593,348.1134753675591,2086.098615730673
misfit_total,fine_root_allocation,21.461092308923433,4.4168882798731826,31.74459240573888
misfit_total,wood_turnover_rate,124.927962572106,21.57680018004528,229.44684599226787
misfit_total,fine_root_turnover_rate,116.48021661272503,88.11146589970228,410.94107174913927
misfit_total,coarse_root_turnover_rate,130.74655253958016,-43.94871006893014,189.05428150734238
misfit_total,wood_respiration_rate_at_10c,2583.490310707523,777.2082903106598,3347.4193336309877
misfit_total,wood_respiration_q10,3088.3294291811694,3007.91416488665,3827.212696073769
misfit_total,soil_respiration_rate_at_10c,5277.372999312021,4033.287454784679,6288.516694271693
misfit_total,soil_respiration_q10,1856.9831874911174,1781.2178321199383,1681.6364445891606
misfit_total,soil_respiration_moisture_exponent,1650.3817634701027,-1258.0532478720654,2052.154634553622
misfit_total,coarse_root_respiration_rate_at_10c,905.5696555644101,431.94417457969865,1119.7399835407111
misfit_total,coarse_root_fraction,1319.5446233034895,728.2605260638587,2725.4823156119332
misfit_total,initial_wood_carbon,1937.7601747068602,251.036067252155,2420.3898508529537
misfit_total,initial_soil_organic_carbon,3327.6273948984845,2980.9360125372714,3420.0213635954756
