tower,site_id,match_basis,primary,primary_reason,excluded_reason,tower_lon,tower_lat,lon_index,lat_index,distance_m,utc_offset_hours,utc_offset_source,utc_offset_separation,shortwave_lag_steps,resolution_minutes,record_steps,doi,site_version,igbp,source_file,comment
CA-ARB,3528,pool_input_list,True,,,-83.9452,52.695,11406,5483,102.15084094753256,-5.0,recovered from SW_IN_POT,10.29241064081083,0,30,70176,https://doi.org/10.17190/AMF/1902821,5-7,WET,AMF_CA-ARB_FLUXNET_FULLSET_HH_2011-2015_5-7.csv,
CA-ARF,3525,pool_input_list,True,,,-83.955,52.7008,11405,5484,378.6459283248112,-5.0,recovered from SW_IN_POT,10.293831251143578,0,30,70176,https://doi.org/10.17190/AMF/1902822,5-7,WET,AMF_CA-ARF_FLUXNET_FULLSET_HH_2011-2015_5-7.csv,
CA-BOU,3741,pool_input_list,True,,,-63.2064,50.5244,13895,5222,426.7359401399307,-4.0,recovered from SW_IN_POT,10.538398908066366,0,30,52608,https://doi.org/10.17190/AMF/2469435,4-7,WET,AMF_CA-BOU_FLUXNET_FULLSET_HH_2018-2020_4-7.csv,
CA-Cbo,4653,named_in_pool,True,,,-79.9341,44.3184,11887,4478,476.6988539917939,-5.0,recovered from SW_IN_POT,10.92162574441553,0,30,157872,https://doi.org/10.17190/AMF/1854365,3-5,DBF,AMF_CA-Cbo_FLUXNET_FULLSET_HH_1994-2020_3-5.csv,"AmeriFlux's coordinates fall 477 m from the site's center, outside its cell; matched by named_in_pool"
CA-DB2,3859,pool_input_list,True,,,-122.9951,49.119,6720,5054,210.85572493811992,-8.0,recovered from SW_IN_POT,10.457134614751933,0,30,35088,https://doi.org/10.17190/AMF/1881564,5-7,WET,AMF_CA-DB2_FLUXNET_FULLSET_HH_2019-2020_5-7.csv,
CA-DBB,3858,pool_input_list,True,,,-122.9849,49.1293,6721,5055,189.82382841088958,-8.0,recovered from SW_IN_POT,10.448195529937907,0,30,122736,https://doi.org/10.17190/AMF/1881565,4-6,WET,AMF_CA-DBB_FLUXNET_FULLSET_HH_2014-2020_4-6.csv,
CA-DSM,3863,pool_input_list,True,,,-122.8954,49.0887,6732,5050,137.0216872701879,-8.0,recovered from SW_IN_POT,10.444257567256175,0,30,70128,https://doi.org/10.17190/AMF/2571137,3-7,WET,AMF_CA-DSM_FLUXNET_FULLSET_HH_2021-2024_3-7.csv,
CA-EM1,3766,pool_input_list,True,,,-100.2024,50.3623,9455,5203,127.36666333876771,-6.0,recovered from SW_IN_POT,10.427236095963863,0,30,52560,https://doi.org/10.17190/AMF/2469436,4-7,WET,AMF_CA-EM1_FLUXNET_FULLSET_HH_2021-2023_4-7.csv,
CA-EM2,3765,pool_input_list,True,,,-100.5339,50.3706,9415,5204,256.7180206437166,-6.0,recovered from SW_IN_POT,10.449431961112744,0,30,52560,https://doi.org/10.17190/AMF/2571141,3-7,WET,AMF_CA-EM2_FLUXNET_FULLSET_HH_2021-2023_3-7.csv,
CA-ER1,4780,pool_input_list,True,,,-80.4123,43.6405,11830,4396,333.8642417108857,-5.0,recovered from SW_IN_POT,10.952235826239688,0,30,122736,https://doi.org/10.17190/AMF/1832154,4-7,CRO,AMF_CA-ER1_FLUXNET_FULLSET_HH_2015-2021_4-7.csv,
CA-Gro,3959,named_in_pool,True,,,-82.1556,48.2167,11621,4946,471.808086652264,-5.0,recovered from SW_IN_POT,10.685180739309056,0,30,52656,https://doi.org/10.17190/AMF/1902823,5-7,MF,AMF_CA-Gro_FLUXNET_FULLSET_HH_2003-2014_5-7.csv,
CA-HPC,766,pool_input_list,True,,,-133.5188,68.3203,5457,7358,102.53529872215009,-6.0,recovered from SW_IN_POT,2.834526929549426,-1,30,17520,https://doi.org/10.17190/AMF/2469437,4-7,ENF,AMF_CA-HPC_FLUXNET_FULLSET_HH_2018-2018_4-7.csv,"measured shortwave sits -30 minutes from SW_IN_POT, within the check's tolerance of one half-hour step"
CA-LP1,3224,pool_input_list,True,,,-122.8414,55.1119,6739,5773,256.82438878292123,-8.0,recovered from SW_IN_POT,9.881069725832027,0,30,140352,https://doi.org/10.17190/AMF/1832155,4-6,ENF,AMF_CA-LP1_FLUXNET_FULLSET_HH_2007-2022_4-6.csv,
CA-Mer,4449,named_in_pool,True,,,-75.5186,45.4094,12417,4609,386.4195165703891,-5.0,recovered from SW_IN_POT,10.849515957542868,0,30,157872,https://doi.org/10.17190/AMF/2571102,3-7,WET,AMF_CA-Mer_FLUXNET_FULLSET_HH_1998-2020_3-7.csv,
CA-Mtk,262,pool_input_list,False,,clock: measured shortwave sits 60 minutes from SW_IN_POT,-77.9981,72.6695,12120,7880,166.2708788313743,-6.0,recovered from SW_IN_POT,2.9011476042873827,2,30,17568,https://doi.org/10.17190/AMF/2571152,3-7,GRA,AMF_CA-Mtk_FLUXNET_FULLSET_HH_2024-2024_3-7.csv,
CA-SCB,2042,pool_input_list,True,,,-121.2984,61.3089,6924,6517,423.18930181942676,-7.0,recovered from SW_IN_POT,9.071271078001946,0,30,105168,https://doi.org/10.17190/AMF/2469439,4-7,WET,AMF_CA-SCB_FLUXNET_FULLSET_HH_2014-2019_4-7.csv,
CA-SCC,2045,pool_input_list,True,,,-121.2992,61.3079,6924,6516,452.24404115088277,-7.0,recovered from SW_IN_POT,9.072140420124455,0,30,70128,https://doi.org/10.17190/AMF/2469440,3-6,ENF,AMF_CA-SCC_FLUXNET_FULLSET_HH_2013-2016_3-6.csv,
CA-SMC,1743,pool_input_list,True,,,-123.2522,63.1534,6689,6738,130.5749461119111,-7.0,recovered from SW_IN_POT,8.741143952229734,1,30,17520,https://doi.org/10.17190/AMF/2571111,3-7,ENF,AMF_CA-SMC_FLUXNET_FULLSET_HH_2018-2018_3-7.csv,"measured shortwave sits 30 minutes from SW_IN_POT, within the check's tolerance of one half-hour step"
CA-TP1,4955,named_in_pool,True,,,-80.5595,42.6609,11812,4279,303.16618081639666,-5.0,recovered from SW_IN_POT,11.043764988415973,0,30,210432,https://doi.org/10.17190/AMF/2006962,5-7,ENF,AMF_CA-TP1_FLUXNET_FULLSET_HH_2002-2023_5-7.csv,
CA-TP3,4943,named_in_pool,True,,,-80.3483,42.7068,11838,4284,355.33750125938053,-5.0,recovered from SW_IN_POT,11.0391903924232,0,30,105264,https://doi.org/10.17190/AMF/1881566,4-6,ENF,AMF_CA-TP3_FLUXNET_FULLSET_HH_2002-2017_4-6.csv,
CA-TPD,4958,named_in_pool,True,,,-80.5577,42.6353,11813,4276,378.67175336211267,-5.0,recovered from SW_IN_POT,11.044338769937438,0,30,210384,https://doi.org/10.17190/AMF/1881567,5-7,DBF,AMF_CA-TPD_FLUXNET_FULLSET_HH_2012-2023_5-7.csv,
CR-Fsc,,,False,,no pool site: no site names the tower and its cell holds no pool point,-85.4732,10.4189,11223,410,,-6.0,recovered from SW_IN_POT,11.922939512654594,0,30,70128,https://doi.org/10.17190/AMF/2571109,3-7,CRO,AMF_CR-Fsc_FLUXNET_FULLSET_HH_2015-2018_3-7.csv,
US-A32,5963,pool_input_list,True,,,-97.8198,36.8193,9741,3578,193.87042191213706,-6.0,recovered from SW_IN_POT,11.230089157323023,0,30,52608,https://doi.org/10.17190/AMF/1881568,5-7,GRA,AMF_US-A32_FLUXNET_FULLSET_HH_2015-2017_5-7.csv,
US-A37,6044,pool_input_list,True,,,-97.928,36.3106,9728,3517,235.85983919559774,-6.0,recovered from SW_IN_POT,11.22020790477112,0,30,17568,https://doi.org/10.17190/AMF/2571154,3-7,CVM,AMF_US-A37_FLUXNET_FULLSET_HH_2024-2024_3-7.csv,
US-A39,,,False,,no pool site: no site names the tower and its cell holds no pool point,-96.069,36.3776,9951,3525,,-6.0,recovered from SW_IN_POT,11.339181381405169,0,30,17568,https://doi.org/10.17190/AMF/2571116,3-7,CRO,AMF_US-A39_FLUXNET_FULLSET_HH_2024-2024_3-7.csv,
US-A74,5964,pool_input_list,True,,,-97.5489,36.8085,9774,3577,521.9343731311866,-6.0,recovered from SW_IN_POT,11.211838992502772,0,30,35088,https://doi.org/10.17190/AMF/2006963,3-5,CRO,AMF_US-A74_FLUXNET_FULLSET_HH_2016-2017_3-5.csv,
US-ALQ,4298,pool_input_list,True,,,-89.6067,46.0308,10727,4683,266.76429150309554,-6.0,recovered from SW_IN_POT,10.769110415137458,0,30,157776,https://doi.org/10.17190/AMF/2006964,4-6,WET,AMF_US-ALQ_FLUXNET_FULLSET_HH_2015-2023_4-6.csv,
US-AR1,6030,named_in_pool,True,,,-99.42,36.4267,9549,3531,284.3668759665042,-6.0,recovered from SW_IN_POT,11.320458952814136,0,30,17616,https://doi.org/10.17190/AMF/2006965,5-7,GRA,AMF_US-AR1_FLUXNET_FULLSET_HH_2009-2012_5-7.csv,
US-AR2,5987,named_in_pool,True,,,-99.5975,36.6358,9528,3556,240.54910549606976,-6.0,recovered from SW_IN_POT,11.324024800382777,0,30,17616,https://doi.org/10.17190/AMF/2006966,5-7,GRA,AMF_US-AR2_FLUXNET_FULLSET_HH_2009-2012_5-7.csv,
US-ARM,5997,named_in_pool,True,,,-97.4888,36.6058,9781,3552,215.38125832966307,-6.0,recovered from SW_IN_POT,11.206641949989423,0,30,228000,https://doi.org/10.17190/AMF/1854366,5-7,CRO,AMF_US-ARM_FLUXNET_FULLSET_HH_2003-2024_5-7.csv,
US-ASH,6066,pool_input_list,True,,,-120.201,36.1697,7055,3500,311.06508649057014,-7.0,recovered from SW_IN_POT,11.174031008289237,0,30,17568,https://doi.org/10.17190/AMF/2469443,4-7,DBF,AMF_US-ASH_FLUXNET_FULLSET_HH_2016-2016_4-7.csv,
US-ASM,6065,pool_input_list,True,,,-120.2026,36.1777,7055,3501,215.4819292796555,-7.0,recovered from SW_IN_POT,11.175532513753637,0,30,17568,https://doi.org/10.17190/AMF/2469444,4-7,DBF,AMF_US-ASM_FLUXNET_FULLSET_HH_2016-2016_4-7.csv,
US-Akn,6496,named_in_pool,True,,,-81.5653,33.3825,11692,3165,452.59295598127966,-5.0,recovered from SW_IN_POT,11.467544578587537,0,30,157872,https://doi.org/10.17190/AMF/2469442,3-6,MF,AMF_US-Akn_FLUXNET_FULLSET_HH_2011-2022_3-6.csv,
US-BRG,5546,pool_input_list,True,,,-86.5406,39.2167,11095,3866,531.6144286412122,-5.0,recovered from SW_IN_POT,11.256458577545121,0,30,87696,https://doi.org/10.17190/AMF/2006970,3-5,GRA,AMF_US-BRG_FLUXNET_FULLSET_HH_2016-2020_3-5.csv,
US-BZB,1473,pool_input_list,True,"matched pool_input_list, ahead of same_cell; also at this site: US-BZS",,-148.3208,64.6955,3681,6923,37.2139692465581,-9.0,recovered from SW_IN_POT,8.2724580263072,0,30,210480,https://doi.org/10.17190/AMF/1881569,5-7,WET,AMF_US-BZB_FLUXNET_FULLSET_HH_2011-2024_5-7.csv,
US-BZF,1467,pool_input_list,True,,,-148.3121,64.7013,3682,6924,319.4411426576534,-9.0,recovered from SW_IN_POT,8.271139920396907,0,30,210480,https://doi.org/10.17190/AMF/1881570,5-7,WET,AMF_US-BZF_FLUXNET_FULLSET_HH_2011-2024_5-7.csv,
US-BZS,1473,same_cell,False,not primary: US-BZB is,,-148.3235,64.6963,3681,6923,136.86265106107308,-9.0,recovered from SW_IN_POT,8.27264720460366,0,30,192960,https://doi.org/10.17190/AMF/1881572,5-7,ENF,AMF_US-BZS_FLUXNET_FULLSET_HH_2010-2024_5-7.csv,
US-BZo,1472,pool_input_list,True,,,-148.33,64.6936,3680,6923,251.57852206425153,-9.0,recovered from SW_IN_POT,8.273552972637463,0,30,122736,https://doi.org/10.17190/AMF/1881571,5-7,WET,AMF_US-BZo_FLUXNET_FULLSET_HH_2018-2024_5-7.csv,
US-Bar,4705,named_in_pool,True,"matched named_in_pool, ahead of same_cell; also at this site: US-xBR",,-71.2881,44.0646,12925,4447,238.25298519350767,-5.0,recovered from SW_IN_POT,10.997554110423907,0,30,210432,https://doi.org/10.17190/AMF/2006969,5-7,DBF,AMF_US-Bar_FLUXNET_FULLSET_HH_2004-2023_5-7.csv,
US-Bi1,5741,pool_input_list,True,,,-121.4993,38.0992,6900,3731,481.6934981454459,-8.0,recovered from SW_IN_POT,11.170662251438232,0,30,157824,https://doi.org/10.17190/AMF/1871134,4-7,CRO,AMF_US-Bi1_FLUXNET_FULLSET_HH_2016-2024_4-7.csv,
US-Bi2,5736,pool_input_list,True,,,-121.5351,38.1091,6895,3733,432.6026515248526,-8.0,recovered from SW_IN_POT,11.173042182336667,0,30,87648,https://doi.org/10.17190/AMF/1871135,3-5,CRO,AMF_US-Bi2_FLUXNET_FULLSET_HH_2017-2021_3-5.csv,
US-CAK,1429,same_cell,False,not primary: US-NGC is,,-163.7002,64.8618,1835,6943,202.97926156195092,-9.0,recovered from SW_IN_POT,8.074198211743342,0,30,17568,https://doi.org/10.17190/AMF/2571153,3-7,GRA,AMF_US-CAK_FLUXNET_FULLSET_HH_2024-2024_3-7.csv,
US-CF1,4169,pool_input_list,True,,,-117.0821,46.7815,7430,4773,342.2195695746491,-8.0,recovered from SW_IN_POT,10.72668592886439,-1,30,87648,https://doi.org/10.17190/AMF/1832158,5-7,CRO,AMF_US-CF1_FLUXNET_FULLSET_HH_2017-2021_5-7.csv,"measured shortwave sits -30 minutes from SW_IN_POT, within the check's tolerance of one half-hour step"
US-CF2,4164,pool_input_list,True,,,-117.0908,46.784,7429,4774,463.2951141972225,-8.0,recovered from SW_IN_POT,10.728955349938117,0,30,70128,https://doi.org/10.17190/AMF/1881573,5-7,CRO,AMF_US-CF2_FLUXNET_FULLSET_HH_2017-2020_5-7.csv,
US-CF3,4172,pool_input_list,True,"matched pool_input_list, ahead of same_cell; also at this site: US-CF4",,-117.1261,46.7551,7424,4770,255.6650724280842,-8.0,recovered from SW_IN_POT,10.70828106853999,-1,30,87648,https://doi.org/10.17190/AMF/1881574,5-7,CRO,AMF_US-CF3_FLUXNET_FULLSET_HH_2017-2021_5-7.csv,"measured shortwave sits -30 minutes from SW_IN_POT, within the check's tolerance of one half-hour step"
US-CF4,4172,same_cell,False,not primary: US-CF3 is,,-117.1285,46.7518,7424,4770,268.14382009403624,-8.0,recovered from SW_IN_POT,10.707923372558007,-1,30,87648,https://doi.org/10.17190/AMF/1881575,5-7,CRO,AMF_US-CF4_FLUXNET_FULLSET_HH_2017-2021_5-7.csv,"measured shortwave sits -30 minutes from SW_IN_POT, within the check's tolerance of one half-hour step"
US-CGG,5777,pool_input_list,True,,,-121.9761,37.938,6842,3712,274.68942112252785,-8.0,recovered from SW_IN_POT,11.17814313421108,0,30,105216,https://doi.org/10.17190/AMF/2469446,4-7,GRA,AMF_US-CGG_FLUXNET_FULLSET_HH_2019-2024_4-7.csv,
US-CRK,6868,pool_input_list,True,,,-95.3415,31.4629,10039,2935,381.8781074625154,-6.0,recovered from SW_IN_POT,11.476239276696269,0,30,52608,https://doi.org/10.17190/AMF/2571140,3-7,ENF,AMF_US-CRK_FLUXNET_FULLSET_HH_2022-2024_3-7.csv,
US-CRT,5133,pool_input_list,True,,,-83.3471,41.6285,11478,4155,128.75455543455942,-5.0,recovered from SW_IN_POT,11.140234021122824,0,30,35136,https://doi.org/10.17190/AMF/2006974,5-7,CRO,AMF_US-CRT_FLUXNET_FULLSET_HH_2011-2013_5-7.csv,
US-CS1,4697,pool_input_list,True,,,-89.5379,44.1031,10735,4452,122.92124873320692,-6.0,recovered from SW_IN_POT,10.959932540313472,0,30,35040,https://doi.org/10.17190/AMF/1881576,5-7,CRO,AMF_US-CS1_FLUXNET_FULLSET_HH_2018-2019_5-7.csv,
US-CS2,4687,pool_input_list,True,,,-89.5002,44.1467,10739,4457,330.8897785204185,-6.0,recovered from SW_IN_POT,10.94791079206315,0,30,87648,https://doi.org/10.17190/AMF/1881577,5-7,ENF,AMF_US-CS2_FLUXNET_FULLSET_HH_2018-2022_5-7.csv,
US-CS3,4689,pool_input_list,True,,,-89.5727,44.1394,10731,4456,258.36505352973967,-6.0,recovered from SW_IN_POT,10.963677898508394,0,30,35088,https://doi.org/10.17190/AMF/1881578,5-7,CRO,AMF_US-CS3_FLUXNET_FULLSET_HH_2019-2020_5-7.csv,
US-CS4,4683,pool_input_list,True,,,-89.5475,44.1597,10734,4459,338.61608101694515,-6.0,recovered from SW_IN_POT,10.957316803061671,0,30,35088,https://doi.org/10.17190/AMF/1881579,5-7,CRO,AMF_US-CS4_FLUXNET_FULLSET_HH_2020-2021_5-7.csv,
US-CS5,4692,pool_input_list,True,,,-89.5377,44.1095,10735,4453,334.07628481677864,-6.0,recovered from SW_IN_POT,10.954434417939837,0,30,17520,https://doi.org/10.17190/AMF/2469447,4-7,CRO,AMF_US-CS5_FLUXNET_FULLSET_HH_2021-2021_4-7.csv,
US-CS6,4625,pool_input_list,True,,,-89.544,44.4297,10734,4491,157.22556529962966,-6.0,recovered from SW_IN_POT,10.925593690287508,0,30,35040,https://doi.org/10.17190/AMF/2469448,4-7,CRO,AMF_US-CS6_FLUXNET_FULLSET_HH_2022-2023_4-7.csv,
US-CS8,4624,pool_input_list,True,,,-89.5364,44.4338,10735,4492,420.71709906788766,-6.0,recovered from SW_IN_POT,10.927880840110483,0,30,17520,https://doi.org/10.17190/AMF/2469449,4-7,CRO,AMF_US-CS8_FLUXNET_FULLSET_HH_2023-2023_4-7.csv,
US-CdM,5847,pool_input_list,True,,,-109.7471,37.5241,8310,3662,379.89178005815205,-6.0,recovered from SW_IN_POT,11.293670053751763,0,30,105216,https://doi.org/10.17190/AMF/2469445,4-7,WSA,AMF_US-CdM_FLUXNET_FULLSET_HH_2019-2024_4-7.csv,
US-Cst,6554,pool_input_list,True,,,-91.9204,33.0442,10449,3125,186.1866622658519,-5.0,recovered from SW_IN_POT,11.377786052392388,0,30,87648,https://doi.org/10.17190/AMF/2469450,4-7,ENF,AMF_US-Cst_FLUXNET_FULLSET_HH_2013-2017_4-7.csv,
US-DFC,4841,pool_input_list,True,"matched pool_input_list, ahead of same_cell; also at this site: US-DFK",,-89.7117,43.3448,10714,4361,132.0000900999081,-6.0,recovered from SW_IN_POT,11.017893594085104,0,30,122736,https://doi.org/10.17190/AMF/2006975,5-7,CRO,AMF_US-DFC_FLUXNET_FULLSET_HH_2018-2024_5-7.csv,
US-DFK,4841,same_cell,False,not primary: US-DFC is,,-89.7154,43.3453,10714,4361,241.8363162425518,-6.0,recovered from SW_IN_POT,11.013315334250239,0,30,52608,https://doi.org/10.17190/AMF/2571122,3-7,CRO,AMF_US-DFK_FLUXNET_FULLSET_HH_2018-2020_3-7.csv,
US-DPW,7303,pool_input_list,True,,,-81.4361,28.0521,11707,2526,267.88639914865877,-5.0,recovered from SW_IN_POT,11.574445379236513,0,30,70128,https://doi.org/10.17190/AMF/2571121,3-7,WET,AMF_US-DPW_FLUXNET_FULLSET_HH_2013-2016_3-7.csv,
US-DS1,5729,pool_input_list,True,,,-121.539,38.1335,6895,3736,463.8080990191827,-8.0,recovered from SW_IN_POT,11.176517513327152,0,30,35040,https://doi.org/10.17190/AMF/2571132,3-7,CRO,AMF_US-DS1_FLUXNET_FULLSET_HH_2018-2019_3-7.csv,
US-DS2,5730,pool_input_list,True,,,-121.514,38.1375,6898,3736,131.0986478309658,-8.0,recovered from SW_IN_POT,11.169269811027096,0,30,70128,https://doi.org/10.17190/AMF/2571148,3-7,CRO,AMF_US-DS2_FLUXNET_FULLSET_HH_2020-2023_3-7.csv,
US-DS3,5732,pool_input_list,True,,,-121.549,38.1235,6894,3734,405.63808736630216,-8.0,recovered from SW_IN_POT,11.173513147497955,0,30,70128,https://doi.org/10.17190/AMF/2229376,5-7,CRO,AMF_US-DS3_FLUXNET_FULLSET_HH_2021-2024_5-7.csv,
US-Dmg,5764,pool_input_list,True,,,-121.6691,38.0015,6879,3720,333.2927853018155,-8.0,recovered from SW_IN_POT,11.148654818122175,0,30,70128,https://doi.org/10.17190/AMF/2469451,4-7,WET,AMF_US-Dmg_FLUXNET_FULLSET_HH_2021-2024_4-7.csv,
US-EA5,7205,pool_input_list,True,,,-99.9576,29.3584,9485,2683,564.4404751591075,-6.0,recovered from SW_IN_POT,11.531671833667424,0,30,35040,https://doi.org/10.17190/AMF/2571138,3-7,CSH,AMF_US-EA5_FLUXNET_FULLSET_HH_2021-2022_3-7.csv,
US-EA6,7185,pool_input_list,True,,,-99.9588,29.6561,9484,2718,417.2134028993503,-6.0,recovered from SW_IN_POT,11.511954295541502,0,30,17520,https://doi.org/10.17190/AMF/2571142,3-7,WSA,AMF_US-EA6_FLUXNET_FULLSET_HH_2023-2023_3-7.csv,
US-EDN,,,False,,no pool site: no site names the tower and its cell holds no pool point,-122.114,37.6156,6826,3673,,-8.0,recovered from SW_IN_POT,11.223005346534448,1,30,35040,https://doi.org/10.17190/AMF/1832159,3-5,WET,AMF_US-EDN_FLUXNET_FULLSET_HH_2018-2019_3-5.csv,"measured shortwave sits 30 minutes from SW_IN_POT, within the check's tolerance of one half-hour step"
US-EML,1620,named_in_pool,True,,,-149.2536,63.8784,3569,6825,89.7728078341696,-9.0,recovered from SW_IN_POT,8.414619010429814,0,30,157872,https://doi.org/10.17190/AMF/2007170,4-6,OSH,AMF_US-EML_FLUXNET_FULLSET_HH_2008-2020_4-6.csv,
US-Elm,7409,named_in_pool,True,,,-80.7826,25.5519,11786,2226,426.7813387036824,-5.0,recovered from SW_IN_POT,11.631135181148762,0,30,210480,https://doi.org/10.17190/AMF/2007169,4-7,WET,AMF_US-Elm_FLUXNET_FULLSET_HH_2008-2024_4-7.csv,
US-Esm,7413,named_in_pool,True,,,-80.5946,25.4379,11808,2212,131.6479905331656,-5.0,recovered from SW_IN_POT,11.663621828051689,0,30,192960,https://doi.org/10.17190/AMF/2007171,4-7,WET,AMF_US-Esm_FLUXNET_FULLSET_HH_2008-2024_4-7.csv,
US-EvM,7418,pool_input_list,True,,,-80.381,25.3539,11834,2202,186.5101072952349,-5.0,recovered from SW_IN_POT,11.67923430397816,0,30,70128,https://doi.org/10.17190/AMF/2571136,3-7,WET,AMF_US-EvM_FLUXNET_FULLSET_HH_2020-2023_3-7.csv,
US-Fcr,1314,pool_input_list,True,,,-148.9348,65.3968,3607,7007,164.81900954325704,-9.0,recovered from SW_IN_POT,8.11187052065248,0,30,52656,https://doi.org/10.17190/AMF/2007172,5-7,OSH,AMF_US-Fcr_FLUXNET_FULLSET_HH_2011-2014_5-7.csv,
US-GL1,,,False,,no pool site: no site names the tower and its cell holds no pool point,-87.2251,47.1835,11012,4822,,-5.0,recovered from SW_IN_POT,10.76969701849844,0,30,192912,https://doi.org/10.17190/AMF/2574639,3-7,WAT,AMF_US-GL1_FLUXNET_FULLSET_HH_2008-2022_3-7.csv,
US-GLE,5182,named_in_pool,True,,,-106.2399,41.3665,8731,4123,487.6587402872462,-7.0,recovered from SW_IN_POT,11.094140089537133,-1,30,157872,https://doi.org/10.17190/AMF/1871136,3-5,ENF,AMF_US-GLE_FLUXNET_FULLSET_HH_2005-2020_3-5.csv,"measured shortwave sits -30 minutes from SW_IN_POT, within the check's tolerance of one half-hour step"
US-HB1,6503,pool_input_list,True,,,-79.1957,33.3455,11976,3161,39.21679157454661,-5.0,recovered from SW_IN_POT,11.40205479086102,0,30,70128,https://doi.org/10.17190/AMF/1832160,5-7,WET,AMF_US-HB1_FLUXNET_FULLSET_HH_2019-2022_5-7.csv,
US-HB2,6504,pool_input_list,True,,,-79.244,33.3242,11970,3158,411.2260041507159,-5.0,recovered from SW_IN_POT,11.42817662383846,0,30,17520,https://doi.org/10.17190/AMF/2229377,5-7,ENF,AMF_US-HB2_FLUXNET_FULLSET_HH_2019-2019_5-7.csv,
US-HB3,6502,pool_input_list,True,,,-79.2322,33.3482,11972,3161,385.3950890609055,-5.0,recovered from SW_IN_POT,11.414093977402073,0,30,70128,https://doi.org/10.17190/AMF/2229378,5-7,ENF,AMF_US-HB3_FLUXNET_FULLSET_HH_2019-2022_5-7.csv,
US-HB4,6524,pool_input_list,True,,,-79.2975,33.2015,11964,3144,334.67627251877053,-5.0,recovered from SW_IN_POT,11.42892530195041,0,30,87696,https://doi.org/10.17190/AMF/2571130,3-7,WET,AMF_US-HB4_FLUXNET_FULLSET_HH_2020-2024_3-7.csv,
US-HWB,5259,pool_input_list,True,,,-77.8488,40.8608,12138,4063,313.01049933689944,-5.0,recovered from SW_IN_POT,11.13604731257094,0,30,70128,https://doi.org/10.17190/AMF/1881582,3-5,CVM,AMF_US-HWB_FLUXNET_FULLSET_HH_2015-2018_3-5.csv,
US-Ha1,4977,named_in_pool,True,"matched named_in_pool, ahead of same_cell; also at this site: US-xHA",,-72.1715,42.5378,12819,4264,63.872264308815694,-5.0,recovered from SW_IN_POT,10.207523537138323,0,60,78936,https://doi.org/10.17190/AMF/1871137,3-5,DBF,AMF_US-Ha1_FLUXNET_FULLSET_HR_1991-2020_3-5.csv,
US-Hn2,4183,pool_input_list,True,"matched pool_input_list, ahead of same_cell; also at this site: US-Hn3",,-119.4641,46.6889,7144,4762,197.6720666087815,-8.0,recovered from SW_IN_POT,10.6415153284072,0,30,70128,https://doi.org/10.17190/AMF/1902832,4-6,GRA,AMF_US-Hn2_FLUXNET_FULLSET_HH_2015-2018_4-6.csv,
US-Hn3,4183,same_cell,False,not primary: US-Hn2 is,,-119.4614,46.6878,7144,4762,90.32328235870754,-8.0,recovered from SW_IN_POT,10.642750079837159,0,30,35040,https://doi.org/10.17190/AMF/1881580,5-7,OSH,AMF_US-Hn3_FLUXNET_FULLSET_HH_2017-2018_5-7.csv,
US-Ho1,4480,named_in_pool,True,,,-68.7402,45.2041,13231,4584,211.58883947421015,-5.0,recovered from SW_IN_POT,10.907088834713036,0,30,210432,https://doi.org/10.17190/AMF/2469453,3-6,ENF,AMF_US-Ho1_FLUXNET_FULLSET_HH_1996-2023_3-6.csv,
US-Ho2,4478,named_in_pool,True,,,-68.747,45.2091,13230,4585,389.04437638326016,-5.0,recovered from SW_IN_POT,10.909102666255256,0,30,210432,https://doi.org/10.17190/AMF/1881581,4-6,ENF,AMF_US-Ho2_FLUXNET_FULLSET_HH_1999-2023_4-6.csv,
US-Hsm,5713,pool_input_list,True,,,-122.0212,38.2368,6837,3748,84.23787700019308,-8.0,recovered from SW_IN_POT,11.1773438783446,0,30,70128,https://doi.org/10.17190/AMF/2571131,3-7,WET,AMF_US-Hsm_FLUXNET_FULLSET_HH_2021-2024_3-7.csv,
US-ICh,707,named_in_pool,True,,,-149.2958,68.6068,3564,7392,292.7039141730598,-9.0,recovered from SW_IN_POT,6.175322109977333,0,30,228000,https://doi.org/10.17190/AMF/2007175,5-7,OSH,AMF_US-ICh_FLUXNET_FULLSET_HH_2007-2024_5-7.csv,
US-ICs,705,named_in_pool,True,,,-149.311,68.6058,3562,7392,191.44560584057143,-9.0,recovered from SW_IN_POT,6.173309872228026,0,30,228000,https://doi.org/10.17190/AMF/1871138,5-7,WET,AMF_US-ICs_FLUXNET_FULLSET_HH_2007-2024_5-7.csv,
US-ICt,706,named_in_pool,True,,,-149.3041,68.6063,3563,7392,237.11895230990888,-9.0,recovered from SW_IN_POT,6.17382644718783,0,30,210432,https://doi.org/10.17190/AMF/1881583,4-6,OSH,AMF_US-ICt_FLUXNET_FULLSET_HH_2007-2023_4-6.csv,
US-Jo1,6647,pool_input_list,True,,,-106.635,32.582,8683,3069,392.55700841295294,-7.0,recovered from SW_IN_POT,11.436551333486316,0,30,192912,https://doi.org/10.17190/AMF/1902833,5-7,OSH,AMF_US-Jo1_FLUXNET_FULLSET_HH_2010-2022_5-7.csv,
US-Jo2,6646,pool_input_list,True,,,-106.6032,32.5849,8687,3070,303.09771008966254,-7.0,recovered from SW_IN_POT,11.4556984554228,0,30,157872,https://doi.org/10.17190/AMF/1881584,4-6,OSH,AMF_US-Jo2_FLUXNET_FULLSET_HH_2010-2020_4-6.csv,
US-KFS,5585,named_in_pool,True,,,-95.1907,39.0561,10057,3846,349.95174226682406,-6.0,recovered from SW_IN_POT,11.159972495162645,0,30,140304,https://doi.org/10.17190/AMF/1881585,4-6,GRA,AMF_US-KFS_FLUXNET_FULLSET_HH_2007-2019_4-6.csv,
US-KLS,5630,pool_input_list,True,,,-97.5684,38.7745,9771,3812,458.9952607402933,-6.0,recovered from SW_IN_POT,11.198902223164032,0,30,140256,https://doi.org/10.17190/AMF/1854367,5-7,GRA,AMF_US-KLS_FLUXNET_FULLSET_HH_2012-2019_5-7.csv,
US-KPL,,,False,,no pool site: no site names the tower and its cell holds no pool point,-150.5061,60.5382,3419,6424,,-9.0,recovered from SW_IN_POT,8.968738292718951,0,30,35040,https://doi.org/10.17190/AMF/2571133,3-7,WET,AMF_US-KPL_FLUXNET_FULLSET_HH_2021-2022_3-7.csv,
US-KS3,,,False,,no pool site: no site names the tower and its cell holds no pool point,-80.7427,28.7084,11790,2605,,-5.0,recovered from SW_IN_POT,11.581023540815446,0,30,17520,https://doi.org/10.17190/AMF/1881586,5-7,WET,AMF_US-KS3_FLUXNET_FULLSET_HH_2018-2018_5-7.csv,
US-Kon,5579,named_in_pool,True,,,-96.5603,39.0824,9892,3849,406.5398314692425,-6.0,recovered from SW_IN_POT,11.185789669711815,0,30,140304,https://doi.org/10.17190/AMF/2316062,5-7,GRA,AMF_US-Kon_FLUXNET_FULLSET_HH_2004-2019_5-7.csv,
US-LA3,7196,pool_input_list,True,,,-89.9153,29.4936,10690,2699,367.57629729392016,-6.0,recovered from SW_IN_POT,11.561413792280229,0,30,87648,https://doi.org/10.17190/AMF/2571117,3-7,WET,AMF_US-LA3_FLUXNET_FULLSET_HH_2019-2023_3-7.csv,
US-MMS,5529,named_in_pool,True,,,-86.4131,39.3232,11110,3878,268.0472658561742,-5.0,recovered from SW_IN_POT,10.257784637714133,0,60,78936,https://doi.org/10.17190/AMF/1854369,3-5,DBF,AMF_US-MMS_FLUXNET_FULLSET_HR_1999-2020_3-5.csv,
US-MN1,4407,pool_input_list,True,,,-96.1269,45.6168,9944,4634,482.0232249328144,-6.0,recovered from SW_IN_POT,10.822709094929918,0,30,140256,https://doi.org/10.17190/AMF/2571145,3-7,CRO,AMF_US-MN1_FLUXNET_FULLSET_HH_2017-2024_3-7.csv,
US-MN2,4403,pool_input_list,True,,,-96.1271,45.627,9944,4635,289.7405223349577,-6.0,recovered from SW_IN_POT,10.82107747319966,0,30,140256,https://doi.org/10.17190/AMF/2571146,3-7,CRO,AMF_US-MN2_FLUXNET_FULLSET_HH_2017-2024_3-7.csv,
US-MN3,4410,pool_input_list,True,,,-96.1265,45.6091,9944,4633,431.3642147940115,-6.0,recovered from SW_IN_POT,10.822190538070048,0,30,87696,https://doi.org/10.17190/AMF/2571147,3-7,CRO,AMF_US-MN3_FLUXNET_FULLSET_HH_2020-2024_3-7.csv,
US-MOz,5636,named_in_pool,True,,,-92.2,38.7441,10416,3809,409.5192130871852,-6.0,recovered from SW_IN_POT,11.203732221424032,0,30,175392,https://doi.org/10.17190/AMF/1854370,5-7,DBF,AMF_US-MOz_FLUXNET_FULLSET_HH_2004-2021_5-7.csv,
US-Me2,4618,named_in_pool,True,,,-121.5589,44.4526,6892,4494,414.09800053752394,-8.0,recovered from SW_IN_POT,10.826055538286989,0,30,192912,https://doi.org/10.17190/AMF/1854368,4-6,ENF,AMF_US-Me2_FLUXNET_FULLSET_HH_2002-2022_4-6.csv,"AmeriFlux's coordinates fall 414 m from the site's center, outside its cell; matched by named_in_pool"
US-Me6,4652,named_in_pool,True,,,-121.6078,44.3233,6887,4478,398.3265221572753,-8.0,recovered from SW_IN_POT,10.830912525895627,0,30,228000,https://doi.org/10.17190/AMF/2204871,5-7,ENF,AMF_US-Me6_FLUXNET_FULLSET_HH_2010-2024_5-7.csv,
US-Mo1,5545,pool_input_list,True,,,-92.1167,39.2298,10425,3867,362.9822296642604,-6.0,recovered from SW_IN_POT,11.18747597127722,0,30,175344,https://doi.org/10.17190/AMF/2229382,5-7,CRO,AMF_US-Mo1_FLUXNET_FULLSET_HH_2015-2024_5-7.csv,
US-Mo2,5602,pool_input_list,True,,,-91.9945,38.9488,10440,3833,349.3723186254441,-6.0,recovered from SW_IN_POT,11.202999094612908,0,30,122736,https://doi.org/10.17190/AMF/2229383,5-7,GRA,AMF_US-Mo2_FLUXNET_FULLSET_HH_2018-2024_5-7.csv,
US-Mo3,5544,pool_input_list,True,,,-92.1493,39.2322,10422,3867,450.327008136957,-6.0,recovered from SW_IN_POT,11.162540327603649,0,30,105216,https://doi.org/10.17190/AMF/2229384,3-5,CRO,AMF_US-Mo3_FLUXNET_FULLSET_HH_2016-2021_3-5.csv,
US-Mpj,6346,named_in_pool,True,,,-106.2377,34.4385,8731,3292,112.5708487363759,-7.0,recovered from SW_IN_POT,11.332251290410184,0,30,228000,https://doi.org/10.17190/AMF/1832161,4-7,WSA,AMF_US-Mpj_FLUXNET_FULLSET_HH_2008-2024_4-7.csv,
US-MtB,6684,named_in_pool,True,,,-110.7256,32.416,8192,3049,633.3354452196826,-7.0,recovered from SW_IN_POT,11.430633226182849,0,30,228000,https://doi.org/10.17190/AMF/2571103,3-7,ENF,AMF_US-MtB_FLUXNET_FULLSET_HH_2009-2024_3-7.csv,"AmeriFlux's coordinates fall 633 m from the site's center, outside its cell; matched by named_in_pool"
US-Myb,5752,named_in_pool,True,,,-121.765,38.0499,6868,3725,502.2558813205583,-8.0,recovered from SW_IN_POT,11.178838549272228,0,30,175392,https://doi.org/10.17190/AMF/1871139,3-5,WET,AMF_US-Myb_FLUXNET_FULLSET_HH_2010-2021_3-5.csv,
US-NC1,6121,named_in_pool,True,,,-76.7119,35.8118,12274,3457,94.93826654098726,-5.0,recovered from SW_IN_POT,11.3679172847863,0,30,17616,https://doi.org/10.17190/AMF/1902836,5-7,ENF,AMF_US-NC1_FLUXNET_FULLSET_HH_2005-2012_5-7.csv,
US-NC3,6126,pool_input_list,True,,,-76.656,35.799,12281,3455,388.86571646229703,-5.0,recovered from SW_IN_POT,11.340816014365622,0,30,157776,https://doi.org/10.17190/AMF/2204872,3-5,ENF,AMF_US-NC3_FLUXNET_FULLSET_HH_2013-2021_3-5.csv,
US-NC4,6129,pool_input_list,True,,,-75.9038,35.7879,12371,3454,55.39111555816446,-5.0,recovered from SW_IN_POT,11.295543566257638,0,30,175392,https://doi.org/10.17190/AMF/1902837,4-6,WET,AMF_US-NC4_FLUXNET_FULLSET_HH_2009-2021_4-6.csv,
US-NGB,,,False,,no pool site: no site names the tower and its cell holds no pool point,-156.6092,71.28,2686,7713,,-9.0,recovered from SW_IN_POT,2.725929349384064,0,30,192816,https://doi.org/10.17190/AMF/1832162,4-7,SNO,AMF_US-NGB_FLUXNET_FULLSET_HH_2012-2023_4-7.csv,
US-NGC,1429,pool_input_list,True,"matched pool_input_list, ahead of same_cell; also at this site: US-CAK",,-163.7002,64.8618,1835,6943,202.97926156195092,-9.0,recovered from SW_IN_POT,8.084352103555148,-1,30,122688,https://doi.org/10.17190/AMF/1902838,5-7,GRA,AMF_US-NGC_FLUXNET_FULLSET_HH_2017-2023_5-7.csv,"measured shortwave sits -30 minutes from SW_IN_POT, within the check's tolerance of one half-hour step"
US-NR1,5408,named_in_pool,True,,,-105.5464,40.0329,8814,3963,417.8002170167502,-7.0,recovered from SW_IN_POT,11.153954595507818,-1,30,87744,https://doi.org/10.17190/AMF/1871141,3-5,ENF,AMF_US-NR1_FLUXNET_FULLSET_HH_1998-2016_3-5.csv,"measured shortwave sits -30 minutes from SW_IN_POT, within the check's tolerance of one half-hour step"
US-Ne1,5212,named_in_pool,True,,,-96.4766,41.1651,9902,4099,360.1643395833157,-6.0,recovered from SW_IN_POT,10.61083780330754,0,60,114000,https://doi.org/10.17190/AMF/1871140,4-7,CRO,AMF_US-Ne1_FLUXNET_FULLSET_HR_2001-2024_4-7.csv,
US-Ne2,5213,named_in_pool,True,,,-96.4701,41.1649,9903,4099,273.74668816354745,-6.0,recovered from SW_IN_POT,10.61004767131051,0,60,114000,https://doi.org/10.17190/AMF/2574638,3-7,CRO,AMF_US-Ne2_FLUXNET_FULLSET_HR_2001-2024_3-7.csv,
US-ONA,7339,pool_input_list,True,,,-81.9509,27.3836,11645,2446,540.6015849234345,-5.0,recovered from SW_IN_POT,11.578608438269542,0,30,122736,https://doi.org/10.17190/AMF/1832163,5-7,GRA,AMF_US-ONA_FLUXNET_FULLSET_HH_2016-2022_5-7.csv,
US-ORv,,,False,,no pool site: no site names the tower and its cell holds no pool point,-83.0183,40.0201,11517,3962,,-5.0,recovered from SW_IN_POT,11.194502747814681,0,30,87744,https://doi.org/10.17190/AMF/1832164,5-7,WET,AMF_US-ORv_FLUXNET_FULLSET_HH_2011-2016_5-7.csv,
US-OWC,5179,pool_input_list,True,,,-82.5125,41.3795,11578,4125,36.952010734056095,-5.0,recovered from SW_IN_POT,11.150432085106269,0,30,35088,https://doi.org/10.17190/AMF/1871142,3-5,WET,AMF_US-OWC_FLUXNET_FULLSET_HH_2015-2016_3-5.csv,
US-Oho,5149,named_in_pool,True,,,-83.8438,41.5545,11418,4146,173.2650735695279,-5.0,recovered from SW_IN_POT,11.139259036481704,0,30,35136,https://doi.org/10.17190/AMF/2229385,5-7,DBF,AMF_US-Oho_FLUXNET_FULLSET_HH_2004-2013_5-7.csv,
US-PAS,7338,pool_input_list,True,,,-81.951,27.3944,11645,2447,351.05249737805144,-5.0,recovered from SW_IN_POT,11.574053211180022,0,30,35040,https://doi.org/10.17190/AMF/2571135,3-7,GRA,AMF_US-PAS_FLUXNET_FULLSET_HH_2021-2022_3-7.csv,
US-PFL,4325,pool_input_list,True,,,-90.3177,45.9409,10641,4672,448.9879231619933,-6.0,recovered from SW_IN_POT,10.785207949043935,0,30,17520,https://doi.org/10.17190/AMF/2469458,4-7,DBF,AMF_US-PFL_FLUXNET_FULLSET_HH_2019-2019_4-7.csv,
US-PFb,4311,pool_input_list,True,,,-90.3232,45.972,10641,4676,224.10769942908883,-6.0,recovered from SW_IN_POT,10.784704374061,0,30,17520,https://doi.org/10.17190/AMF/2469454,4-7,ENF,AMF_US-PFb_FLUXNET_FULLSET_HH_2019-2019_4-7.csv,
US-PFc,4312,pool_input_list,True,,,-90.3088,45.9677,10642,4676,450.87160835250694,-6.0,recovered from SW_IN_POT,10.775630824463846,-1,30,17520,https://doi.org/10.17190/AMF/2469455,4-7,DBF,AMF_US-PFc_FLUXNET_FULLSET_HH_2019-2019_4-7.csv,"measured shortwave sits -30 minutes from SW_IN_POT, within the check's tolerance of one half-hour step"
US-PFd,4313,pool_input_list,True,,,-90.301,45.9689,10643,4676,325.87941809727107,-6.0,recovered from SW_IN_POT,10.779764636982957,0,30,17520,https://doi.org/10.17190/AMF/2469456,4-7,WET,AMF_US-PFd_FLUXNET_FULLSET_HH_2019-2019_4-7.csv,
US-PFe,4307,pool_input_list,True,,,-90.3004,45.9793,10643,4677,291.50641475762103,-6.0,recovered from SW_IN_POT,10.778830393713664,0,30,17520,https://doi.org/10.17190/AMF/2571123,3-7,WAT,AMF_US-PFe_FLUXNET_FULLSET_HH_2019-2019_3-7.csv,
US-PFg,4314,pool_input_list,True,,,-90.2723,45.9735,10647,4676,317.3116686522901,-6.0,recovered from SW_IN_POT,10.782140927269312,0,30,17520,https://doi.org/10.17190/AMF/2571124,3-7,ENF,AMF_US-PFg_FLUXNET_FULLSET_HH_2019-2019_3-7.csv,
US-PFh,4317,pool_input_list,True,,,-90.2406,45.9557,10651,4674,293.98025611579016,-6.0,recovered from SW_IN_POT,10.76842781699283,0,30,17520,https://doi.org/10.17190/AMF/2571125,3-7,ENF,AMF_US-PFh_FLUXNET_FULLSET_HH_2019-2019_3-7.csv,
US-PFi,4315,pool_input_list,True,,,-90.2327,45.9749,10652,4676,528.1042181553609,-6.0,recovered from SW_IN_POT,10.764604448237868,0,30,17520,https://doi.org/10.17190/AMF/2571126,3-7,DBF,AMF_US-PFi_FLUXNET_FULLSET_HH_2019-2019_3-7.csv,
US-PFj,4316,pool_input_list,True,,,-90.227,45.9619,10652,4675,180.38819932133597,-6.0,recovered from SW_IN_POT,10.760075870304783,0,30,17520,https://doi.org/10.17190/AMF/2571127,3-7,DBF,AMF_US-PFj_FLUXNET_FULLSET_HH_2019-2019_3-7.csv,
US-PFk,4342,pool_input_list,True,,,-90.3425,45.9149,10638,4669,371.0784455237873,-6.0,recovered from SW_IN_POT,10.791557496509485,0,30,17520,https://doi.org/10.17190/AMF/2469457,4-7,DBF,AMF_US-PFk_FLUXNET_FULLSET_HH_2019-2019_4-7.csv,
US-PFm,4334,pool_input_list,True,,,-90.3099,45.9207,10642,4670,201.75069139129198,-6.0,recovered from SW_IN_POT,10.78042494836301,0,30,17520,https://doi.org/10.17190/AMF/2469459,4-7,DBF,AMF_US-PFm_FLUXNET_FULLSET_HH_2019-2019_4-7.csv,
US-PFn,,,False,,no pool site: no site names the tower and its cell holds no pool point,-90.2823,45.9392,10646,4672,,-6.0,recovered from SW_IN_POT,10.778365141813627,0,30,17520,https://doi.org/10.17190/AMF/2469460,4-7,DBF,AMF_US-PFn_FLUXNET_FULLSET_HH_2019-2019_4-7.csv,
US-PFp,,,False,,no pool site: no site names the tower and its cell holds no pool point,-90.2641,45.9365,10648,4672,,-6.0,recovered from SW_IN_POT,10.780675575583716,0,30,17520,https://doi.org/10.17190/AMF/2469461,4-7,DBF,AMF_US-PFp_FLUXNET_FULLSET_HH_2019-2019_4-7.csv,
US-PFq,4331,pool_input_list,True,,,-90.2475,45.9271,10650,4671,263.5482060721479,-6.0,recovered from SW_IN_POT,10.782593444569601,0,30,17520,https://doi.org/10.17190/AMF/2469462,4-7,DBF,AMF_US-PFq_FLUXNET_FULLSET_HH_2019-2019_4-7.csv,
US-PFr,4336,pool_input_list,True,,,-90.2475,45.9245,10650,4670,427.47978942904064,-6.0,recovered from SW_IN_POT,10.78277243871434,0,30,17520,https://doi.org/10.17190/AMF/2571128,3-7,WET,AMF_US-PFr_FLUXNET_FULLSET_HH_2019-2019_3-7.csv,
US-PFt,4337,pool_input_list,True,,,-90.2288,45.9197,10652,4670,129.3010872625498,-6.0,recovered from SW_IN_POT,10.76580215017477,0,30,17520,https://doi.org/10.17190/AMF/2469463,4-7,ENF,AMF_US-PFt_FLUXNET_FULLSET_HH_2019-2019_4-7.csv,
US-PSH,6058,pool_input_list,True,,,-119.9247,36.2347,7089,3508,466.05912921927103,-7.0,recovered from SW_IN_POT,11.175926624036842,0,30,17568,https://doi.org/10.17190/AMF/2469464,4-7,DBF,AMF_US-PSH_FLUXNET_FULLSET_HH_2016-2016_4-7.csv,
US-PSL,5961,pool_input_list,True,,,-120.1397,36.8276,7063,3579,262.0934720859385,-7.0,recovered from SW_IN_POT,11.158640190608901,0,30,17568,https://doi.org/10.17190/AMF/2469465,4-7,DBF,AMF_US-PSL_FLUXNET_FULLSET_HH_2016-2016_4-7.csv,
US-Pnp,,,False,,no pool site: no site names the tower and its cell holds no pool point,-89.4158,43.0896,10750,4330,,-6.0,recovered from SW_IN_POT,11.017638261517476,0,30,122736,https://doi.org/10.17190/AMF/2229386,4-6,WAT,AMF_US-Pnp_FLUXNET_FULLSET_HH_2016-2022_4-6.csv,
US-Prr,1375,named_in_pool,True,,,-147.4876,65.1237,3781,6974,318.6797552083831,-9.0,recovered from SW_IN_POT,8.18387632081596,0,30,192912,https://doi.org/10.17190/AMF/2571106,3-7,ENF,AMF_US-Prr_FLUXNET_FULLSET_HH_2010-2022_3-7.csv,
US-RGA,6351,pool_input_list,True,,,-91.6733,34.4159,10479,3289,440.45924224555813,-6.0,recovered from SW_IN_POT,11.346320909610318,0,30,70128,https://doi.org/10.17190/AMF/2204873,5-7,CRO,AMF_US-RGA_FLUXNET_FULLSET_HH_2021-2024_5-7.csv,
US-RGB,5481,pool_input_list,True,,,-121.8579,39.5782,6857,3909,337.48617736738873,-8.0,recovered from SW_IN_POT,11.106612101530557,0,30,70128,https://doi.org/10.17190/AMF/2204874,5-7,CRO,AMF_US-RGB_FLUXNET_FULLSET_HH_2021-2024_5-7.csv,
US-RGF,5814,pool_input_list,True,,,-121.1369,37.6995,6943,3683,411.017948400011,-8.0,recovered from SW_IN_POT,11.1606281166447,0,30,35088,https://doi.org/10.17190/AMF/2469466,4-7,CRO,AMF_US-RGF_FLUXNET_FULLSET_HH_2023-2024_4-7.csv,
US-RGW,6458,pool_input_list,True,,,-91.4306,33.6216,10508,3194,157.5985039723913,-6.0,recovered from SW_IN_POT,11.380054852106685,0,30,52608,https://doi.org/10.17190/AMF/2469467,4-7,CRO,AMF_US-RGW_FLUXNET_FULLSET_HH_2022-2024_4-7.csv,
US-RGo,5467,pool_input_list,True,,,-122.0026,39.6805,6839,3921,199.86601019274855,-8.0,recovered from SW_IN_POT,11.097219401832847,0,30,70128,https://doi.org/10.17190/AMF/2204875,5-7,CRO,AMF_US-RGo_FLUXNET_FULLSET_HH_2021-2024_5-7.csv,
US-RRC,5883,pool_input_list,True,,,-77.2065,37.3344,12215,3640,401.76889915478245,-5.0,recovered from SW_IN_POT,11.308271388219845,0,30,52608,https://doi.org/10.17190/AMF/2469469,4-7,WET,AMF_US-RRC_FLUXNET_FULLSET_HH_2022-2024_4-7.csv,
US-Rls,4876,pool_input_list,True,,,-116.7356,43.1439,7471,4337,264.67171764394203,-7.0,recovered from SW_IN_POT,10.901264478363519,0,30,175296,https://doi.org/10.17190/AMF/2229387,5-7,CSH,AMF_US-Rls_FLUXNET_FULLSET_HH_2014-2023_5-7.csv,
US-Rms,4888,pool_input_list,True,,,-116.7486,43.0645,7470,4327,316.0496041208721,-7.0,recovered from SW_IN_POT,10.906174570106092,0,30,175296,https://doi.org/10.17190/AMF/1881587,5-7,CSH,AMF_US-Rms_FLUXNET_FULLSET_HH_2014-2023_5-7.csv,
US-Ro1,4561,named_in_pool,True,,,-93.0898,44.7143,10309,4525,270.2163322597638,-6.0,recovered from SW_IN_POT,10.929497595068124,0,30,87744,https://doi.org/10.17190/AMF/1881588,5-7,CRO,AMF_US-Ro1_FLUXNET_FULLSET_HH_2004-2016_5-7.csv,
US-Ro2,4556,named_in_pool,True,,,-93.0888,44.7288,10309,4527,110.46160007875105,-6.0,recovered from SW_IN_POT,10.9295275771605,0,30,70224,https://doi.org/10.17190/AMF/2204876,5-7,CRO,AMF_US-Ro2_FLUXNET_FULLSET_HH_2008-2016_5-7.csv,
US-Ro4,4573,pool_input_list,True,,,-93.0723,44.6781,10311,4521,165.90296401988064,-6.0,recovered from SW_IN_POT,10.925352174519103,0,30,192864,https://doi.org/10.17190/AMF/1881589,5-7,GRA,AMF_US-Ro4_FLUXNET_FULLSET_HH_2014-2024_5-7.csv,
US-Ro5,4569,pool_input_list,True,,,-93.0576,44.691,10313,4522,474.3375442675176,-6.0,recovered from SW_IN_POT,10.92158517639179,0,30,140256,https://doi.org/10.17190/AMF/1818371,5-7,CRO,AMF_US-Ro5_FLUXNET_FULLSET_HH_2017-2024_5-7.csv,
US-Ro6,4567,pool_input_list,True,,,-93.0578,44.6946,10313,4523,318.2329301302642,-6.0,recovered from SW_IN_POT,10.921285440663695,0,30,140256,https://doi.org/10.17190/AMF/1881590,5-7,CRO,AMF_US-Ro6_FLUXNET_FULLSET_HH_2017-2024_5-7.csv,
US-Rpf,1376,pool_input_list,True,,,-147.429,65.1198,3788,6974,115.28189900176066,-9.0,recovered from SW_IN_POT,8.178243995367811,0,30,210432,https://doi.org/10.17190/AMF/2229388,4-6,DBF,AMF_US-Rpf_FLUXNET_FULLSET_HH_2008-2023_4-6.csv,
US-Rwf,4881,pool_input_list,True,,,-116.7231,43.1207,7473,4334,184.49253426509267,-7.0,recovered from SW_IN_POT,10.896776432420738,0,30,175296,https://doi.org/10.17190/AMF/1881591,5-7,CSH,AMF_US-Rwf_FLUXNET_FULLSET_HH_2014-2023_5-7.csv,
US-Rws,4871,pool_input_list,True,,,-116.7132,43.1675,7474,4340,375.07179631667884,-7.0,recovered from SW_IN_POT,10.893784674229193,0,30,175296,https://doi.org/10.17190/AMF/1881592,5-7,OSH,AMF_US-Rws_FLUXNET_FULLSET_HH_2014-2023_5-7.csv,
US-SHC,,,False,,no pool site: no site names the tower and its cell holds no pool point,-120.2398,39.4315,7051,3891,,-8.0,recovered from SW_IN_POT,11.122159513911917,0,30,70128,https://doi.org/10.17190/AMF/2571110,3-7,ENF,AMF_US-SHC_FLUXNET_FULLSET_HH_2017-2020_3-7.csv,
US-SP1,7177,named_in_pool,True,,,-82.2188,29.7381,11613,2728,207.40417123937772,-5.0,recovered from SW_IN_POT,11.586896318274405,0,30,157872,https://doi.org/10.17190/AMF/2469470,4-7,ENF,AMF_US-SP1_FLUXNET_FULLSET_HH_2000-2020_4-7.csv,
US-SRC,6772,named_in_pool,True,,,-110.8395,31.9083,8179,2988,496.72879473738186,-7.0,recovered from SW_IN_POT,11.462732807205732,0,30,52656,https://doi.org/10.17190/AMF/1871145,5-7,OSH,AMF_US-SRC_FLUXNET_FULLSET_HH_2008-2014_5-7.csv,
US-SRG,6805,named_in_pool,True,,,-110.8277,31.7894,8180,2974,252.64701351011385,-7.0,recovered from SW_IN_POT,11.47084852731105,0,30,228000,https://doi.org/10.17190/AMF/2204877,5-7,GRA,AMF_US-SRG_FLUXNET_FULLSET_HH_2008-2024_5-7.csv,
US-SRM,6797,named_in_pool,True,,,-110.8661,31.8214,8176,2978,345.80827471148376,-7.0,recovered from SW_IN_POT,11.459156205978642,0,30,228000,https://doi.org/10.17190/AMF/2475756,4-7,WSA,AMF_US-SRM_FLUXNET_FULLSET_HH_2004-2024_4-7.csv,
US-SRS,6798,pool_input_list,True,,,-110.8508,31.8173,8177,2978,505.6659053032158,-7.0,recovered from SW_IN_POT,11.465366563055222,0,30,122784,https://doi.org/10.17190/AMF/2204878,5-7,WSA,AMF_US-SRS_FLUXNET_FULLSET_HH_2011-2018_5-7.csv,
US-SSH,5301,named_in_pool,True,,,-77.9041,40.6658,12131,4039,366.8750714060884,-5.0,recovered from SW_IN_POT,11.117414083713701,-1,30,105216,https://doi.org/10.17190/AMF/2469471,4-7,DBF,AMF_US-SSH_FLUXNET_FULLSET_HH_2016-2021_4-7.csv,"measured shortwave sits -30 minutes from SW_IN_POT, within the check's tolerance of one half-hour step"
US-Seg,6361,named_in_pool,True,,,-106.702,34.3623,8675,3283,200.2227693612583,-7.0,recovered from SW_IN_POT,11.333840775680741,0,30,228000,https://doi.org/10.17190/AMF/1984572,4-7,GRA,AMF_US-Seg_FLUXNET_FULLSET_HH_2007-2024_4-7.csv,
US-Ses,6365,named_in_pool,True,,,-106.7442,34.3349,8670,3280,325.83349054472814,-7.0,recovered from SW_IN_POT,11.346176731475111,0,30,210480,https://doi.org/10.17190/AMF/1984573,4-7,OSH,AMF_US-Ses_FLUXNET_FULLSET_HH_2007-2024_4-7.csv,
US-Slt,5428,named_in_pool,True,,,-74.596,39.9138,12528,3949,145.12979033128332,-5.0,recovered from SW_IN_POT,11.213337983759487,0,30,52656,https://doi.org/10.17190/AMF/2571104,3-7,DBF,AMF_US-Slt_FLUXNET_FULLSET_HH_2005-2014_3-7.csv,
US-Sne,5758,same_cell,True,,,-121.7547,38.0369,6869,3724,81.48399035969577,-8.0,recovered from SW_IN_POT,11.17886514888188,0,30,87696,https://doi.org/10.17190/AMF/1871144,5-7,GRA,AMF_US-Sne_FLUXNET_FULLSET_HH_2016-2020_5-7.csv,
US-Snf,,,False,,no pool site: no site names the tower and its cell holds no pool point,-121.7272,38.0402,6872,3724,,-8.0,recovered from SW_IN_POT,11.17365804797116,0,30,52608,https://doi.org/10.17190/AMF/1854371,5-7,GRA,AMF_US-Snf_FLUXNET_FULLSET_HH_2018-2020_5-7.csv,
US-Srr,5719,pool_input_list,True,,,-122.0264,38.2006,6836,3744,464.61316388739493,-8.0,recovered from SW_IN_POT,11.18018779273469,0,30,70128,https://doi.org/10.17190/AMF/2229389,5-7,WET,AMF_US-Srr_FLUXNET_FULLSET_HH_2014-2017_5-7.csv,
US-StJ,5578,pool_input_list,True,,,-75.4372,39.0882,12427,3850,81.95056417905002,-5.0,recovered from SW_IN_POT,11.198581060425306,0,30,52608,https://doi.org/10.17190/AMF/2229390,3-5,WET,AMF_US-StJ_FLUXNET_FULLSET_HH_2015-2017_3-5.csv,
US-Syv,4253,named_in_pool,True,,,-89.3477,46.242,10758,4709,449.8528262467256,-6.0,recovered from SW_IN_POT,10.765920008542873,0,30,210384,https://doi.org/10.17190/AMF/2204879,4-6,MF,AMF_US-Syv_FLUXNET_FULLSET_HH_2001-2023_4-6.csv,
US-Ton,5687,named_in_pool,True,,,-120.966,38.4309,6964,3771,360.5524527775602,-8.0,recovered from SW_IN_POT,11.130794025778167,0,30,228000,https://doi.org/10.17190/AMF/2204880,5-7,WSA,AMF_US-Ton_FLUXNET_FULLSET_HH_2001-2024_5-7.csv,
US-Tw1,5738,named_in_pool,True,"matched named_in_pool, ahead of same_cell; also at this site: US-Tw5",,-121.6469,38.1074,6882,3732,371.31499834085736,-8.0,recovered from SW_IN_POT,11.155654577227072,0,30,210432,https://doi.org/10.17190/AMF/1832165,5-7,WET,AMF_US-Tw1_FLUXNET_FULLSET_HH_2011-2023_5-7.csv,
US-Tw2,,,False,,no pool site: no site names the tower and its cell holds no pool point,-121.6365,38.0969,6883,3731,,-8.0,recovered from SW_IN_POT,11.222221616260727,0,30,35088,https://doi.org/10.17190/AMF/1881593,5-7,CRO,AMF_US-Tw2_FLUXNET_FULLSET_HH_2012-2013_5-7.csv,
US-Tw3,5735,named_in_pool,True,,,-121.6469,38.1152,6882,3733,314.2610994686374,-8.0,recovered from SW_IN_POT,11.152657847926521,0,30,105168,https://doi.org/10.17190/AMF/1881594,5-7,CRO,AMF_US-Tw3_FLUXNET_FULLSET_HH_2013-2018_5-7.csv,
US-Tw4,5739,named_in_pool,True,,,-121.6413,38.1027,6883,3732,370.3093459093525,-8.0,recovered from SW_IN_POT,11.157174966785224,0,30,192816,https://doi.org/10.17190/AMF/2204881,5-7,WET,AMF_US-Tw4_FLUXNET_FULLSET_HH_2013-2023_5-7.csv,
US-Tw5,5738,same_cell,False,not primary: US-Tw1 is,,-121.6426,38.1072,6882,3732,440.1990763525089,-8.0,recovered from SW_IN_POT,11.155177992413602,0,30,35040,https://doi.org/10.17190/AMF/1881595,5-7,WET,AMF_US-Tw5_FLUXNET_FULLSET_HH_2018-2019_5-7.csv,
US-Twt,5734,named_in_pool,True,,,-121.6531,38.1087,6881,3733,432.8540376073123,-8.0,recovered from SW_IN_POT,11.15696563297758,0,30,105264,https://doi.org/10.17190/AMF/2571105,3-7,CRO,AMF_US-Twt_FLUXNET_FULLSET_HH_2009-2017_3-7.csv,
US-UC1,5288,pool_input_list,True,,,-78.0056,40.7536,12119,4050,136.16335169846917,-5.0,recovered from SW_IN_POT,11.132203937239364,0,30,105216,https://doi.org/10.17190/AMF/2469472,4-7,CVM,AMF_US-UC1_FLUXNET_FULLSET_HH_2019-2024_4-7.csv,
US-UC2,5289,pool_input_list,True,,,-77.9998,40.7559,12120,4050,385.59198083323497,-5.0,recovered from SW_IN_POT,11.131282964823649,0,30,105216,https://doi.org/10.17190/AMF/2469473,4-7,CVM,AMF_US-UC2_FLUXNET_FULLSET_HH_2019-2024_4-7.csv,
US-UM3,,,False,,no pool site: no site names the tower and its cell holds no pool point,-84.6707,45.5686,11319,4628,,-5.0,recovered from SW_IN_POT,10.856103860766611,0,30,35040,https://doi.org/10.17190/AMF/1881596,5-7,WAT,AMF_US-UM3_FLUXNET_FULLSET_HH_2013-2014_5-7.csv,
US-UMB,4420,named_in_pool,True,,,-84.7138,45.5598,11314,4627,316.9088561832364,-5.0,recovered from SW_IN_POT,10.874595952352772,0,30,175392,https://doi.org/10.17190/AMF/2204882,3-5,DBF,AMF_US-UMB_FLUXNET_FULLSET_HH_2007-2021_3-5.csv,
US-UMd,4421,named_in_pool,True,,,-84.6975,45.5625,11316,4627,129.67269026067387,-5.0,recovered from SW_IN_POT,10.868586933343135,0,30,210432,https://doi.org/10.17190/AMF/1881597,4-6,DBF,AMF_US-UMd_FLUXNET_FULLSET_HH_2007-2023_4-6.csv,
US-UTB,,,False,,no pool site: no site names the tower and its cell holds no pool point,-113.8299,40.7848,7820,4054,,-7.0,recovered from SW_IN_POT,11.102291374802615,0,30,52560,https://doi.org/10.17190/AMF/2469474,3-6,BSV,AMF_US-UTB_FLUXNET_FULLSET_HH_2021-2023_3-6.csv,
US-UTD,5740,pool_input_list,True,,,-109.5952,38.1038,8328,3732,68.93715073987775,-7.0,recovered from SW_IN_POT,11.281713866680224,0,30,35088,https://doi.org/10.17190/AMF/2571139,3-7,CRO,AMF_US-UTD_FLUXNET_FULLSET_HH_2023-2024_3-7.csv,
US-UTE,5806,pool_input_list,True,,,-111.5708,37.7353,8091,3688,244.76093040963804,-7.0,recovered from SW_IN_POT,11.177341154267715,0,30,17568,https://doi.org/10.17190/AMF/2571151,3-7,CRO,AMF_US-UTE_FLUXNET_FULLSET_HH_2024-2024_3-7.csv,
US-UTJ,5890,pool_input_list,True,,,-109.5348,37.2818,8335,3633,377.8655580254201,-7.0,recovered from SW_IN_POT,11.30657447322504,0,30,17568,https://doi.org/10.17190/AMF/2571150,3-7,CRO,AMF_US-UTJ_FLUXNET_FULLSET_HH_2024-2024_3-7.csv,
US-UTP,,,False,,no pool site: no site names the tower and its cell holds no pool point,-112.1013,41.0604,8027,4087,,-7.0,recovered from SW_IN_POT,11.103543961324107,0,30,17568,https://doi.org/10.17190/AMF/2571149,3-7,WET,AMF_US-UTP_FLUXNET_FULLSET_HH_2024-2024_3-7.csv,
US-UTV,5391,pool_input_list,True,,,-109.9546,40.1266,8285,3975,287.86998600976546,-7.0,recovered from SW_IN_POT,11.070069975589776,0,30,35088,https://doi.org/10.17190/AMF/2571143,3-7,CRO,AMF_US-UTV_FLUXNET_FULLSET_HH_2023-2024_3-7.csv,
US-Var,5692,named_in_pool,True,,,-120.9508,38.4133,6965,3769,306.5725592683387,-8.0,recovered from SW_IN_POT,11.125296235380448,0,30,175392,https://doi.org/10.17190/AMF/1993904,3-5,GRA,AMF_US-Var_FLUXNET_FULLSET_HH_2000-2021_3-5.csv,
US-Vcm,6112,named_in_pool,True,,,-106.5321,35.8884,8696,3466,282.44270253884815,-7.0,recovered from SW_IN_POT,11.312554725688114,0,30,210432,https://doi.org/10.17190/AMF/2229391,4-7,ENF,AMF_US-Vcm_FLUXNET_FULLSET_HH_2007-2023_4-7.csv,
US-Vcp,6115,named_in_pool,True,,,-106.5967,35.8642,8688,3463,204.39022934013616,-7.0,recovered from SW_IN_POT,11.30090912711531,0,30,228000,https://doi.org/10.17190/AMF/2229392,5-7,ENF,AMF_US-Vcp_FLUXNET_FULLSET_HH_2007-2024_5-7.csv,
US-WPT,5162,pool_input_list,True,,,-82.9962,41.4646,11520,4135,235.37689038307306,-5.0,recovered from SW_IN_POT,11.141408302831644,0,30,35136,https://doi.org/10.17190/AMF/2229402,5-7,WET,AMF_US-WPT_FLUXNET_FULLSET_HH_2011-2013_5-7.csv,
US-Whs,6813,named_in_pool,True,,,-110.0522,31.7438,8273,2969,292.9009196425984,-7.0,recovered from SW_IN_POT,11.441449859013511,0,30,157872,https://doi.org/10.17190/AMF/1984574,3-5,OSH,AMF_US-Whs_FLUXNET_FULLSET_HH_2007-2020_3-5.csv,
US-Wjs,6349,named_in_pool,True,,,-105.8615,34.4255,8776,3291,418.0352040280994,-7.0,recovered from SW_IN_POT,11.347482840462375,0,30,228000,https://doi.org/10.17190/AMF/1871146,4-7,SAV,AMF_US-Wjs_FLUXNET_FULLSET_HH_2007-2024_4-7.csv,
US-Wkg,6815,named_in_pool,True,,,-109.9419,31.7365,8286,2968,388.3576161402302,-7.0,recovered from SW_IN_POT,11.410491338250797,0,30,228000,https://doi.org/10.17190/AMF/1984575,4-7,GRA,AMF_US-Wkg_FLUXNET_FULLSET_HH_2004-2024_4-7.csv,
US-YK2,2060,pool_input_list,True,,,-163.259,61.2548,1888,6510,199.98744157742527,-9.0,recovered from SW_IN_POT,8.760672220767143,0,30,105216,https://doi.org/10.17190/AMF/2469476,4-7,WET,AMF_US-YK2_FLUXNET_FULLSET_HH_2019-2024_4-7.csv,
US-xAB,4377,same_cell,True,,,-122.3303,45.7624,6800,4651,88.55308190156703,-8.0,recovered from SW_IN_POT,10.770698995803853,0,30,105216,https://doi.org/10.17190/AMF/2229403,5-7,ENF,AMF_US-xAB_FLUXNET_FULLSET_HH_2019-2024_5-7.csv,
US-xAE,6183,same_cell,True,,,-99.0588,35.4106,9592,3409,396.45924316701866,-6.0,recovered from SW_IN_POT,11.339571764206744,0,30,105216,https://doi.org/10.17190/AMF/1985434,4-7,GRA,AMF_US-xAE_FLUXNET_FULLSET_HH_2019-2024_4-7.csv,
US-xBA,341,same_cell,True,,,-156.6194,71.2824,2685,7713,363.0441592774182,-9.0,recovered from SW_IN_POT,2.7262108444859168,0,30,105216,https://doi.org/10.17190/AMF/2229404,4-7,WET,AMF_US-xBA_FLUXNET_FULLSET_HH_2019-2024_4-7.csv,
US-xBL,5584,same_cell,True,,,-78.0716,39.0603,12111,3847,253.51290051552007,-5.0,recovered from SW_IN_POT,11.257469117569944,0,30,105216,https://doi.org/10.17190/AMF/2229405,4-7,DBF,AMF_US-xBL_FLUXNET_FULLSET_HH_2019-2024_4-7.csv,
US-xBN,1364,same_cell,True,,,-147.5026,65.154,3779,6978,75.58115617750214,-9.0,recovered from SW_IN_POT,8.179021406810113,0,30,105216,https://doi.org/10.17190/AMF/2229406,4-7,ENF,AMF_US-xBN_FLUXNET_FULLSET_HH_2019-2024_4-7.csv,
US-xBR,4705,same_cell,False,not primary: US-Bar is,,-71.2873,44.0639,12925,4447,156.386986345502,-5.0,recovered from SW_IN_POT,10.99412406766762,0,30,105216,https://doi.org/10.17190/AMF/1881598,4-7,DBF,AMF_US-xBR_FLUXNET_FULLSET_HH_2019-2024_4-7.csv,
US-xCL,6491,same_cell,True,,,-97.57,33.4012,9771,3168,338.95915431715935,-6.0,recovered from SW_IN_POT,11.492803864253467,0,30,105216,https://doi.org/10.17190/AMF/1985435,4-7,GRA,AMF_US-xCL_FLUXNET_FULLSET_HH_2019-2024_4-7.csv,
US-xCP,5275,same_cell,True,,,-104.7456,40.8155,8910,4057,334.0548168175823,-7.0,recovered from SW_IN_POT,11.120207193944756,0,30,105216,https://doi.org/10.17190/AMF/1985436,4-7,GRA,AMF_US-xCP_FLUXNET_FULLSET_HH_2019-2024_4-7.csv,
US-xDC,4102,same_cell,True,,,-99.1066,47.1617,9587,4819,204.3289506433677,-6.0,recovered from SW_IN_POT,10.710973203751024,0,30,105216,https://doi.org/10.17190/AMF/1985437,4-7,GRA,AMF_US-xDC_FLUXNET_FULLSET_HH_2019-2024_4-7.csv,
US-xDJ,1622,same_cell,True,,,-145.7514,63.8811,3989,6825,254.01505451408667,-9.0,recovered from SW_IN_POT,8.436785465269272,0,30,105216,https://doi.org/10.17190/AMF/2229407,5-7,ENF,AMF_US-xDJ_FLUXNET_FULLSET_HH_2019-2024_5-7.csv,
US-xDL,6656,same_cell,True,,,-87.8039,32.5417,10943,3065,460.40367981764496,-6.0,recovered from SW_IN_POT,11.4541176210051,0,30,105216,https://doi.org/10.17190/AMF/1985438,4-7,MF,AMF_US-xDL_FLUXNET_FULLSET_HH_2019-2024_4-7.csv,
US-xDS,,,False,,no pool site: no site names the tower and its cell holds no pool point,-81.4362,28.125,11707,2534,,-5.0,recovered from SW_IN_POT,11.572407395286353,0,30,105216,https://doi.org/10.17190/AMF/1985439,4-7,CVM,AMF_US-xDS_FLUXNET_FULLSET_HH_2019-2024_4-7.csv,
US-xGR,6141,same_cell,True,,,-83.5019,35.689,11459,3442,264.05613679437016,-5.0,recovered from SW_IN_POT,11.318104914841227,0,30,105216,https://doi.org/10.17190/AMF/1985440,4-7,DBF,AMF_US-xGR_FLUXNET_FULLSET_HH_2019-2024_4-7.csv,
US-xHA,4977,same_cell,False,not primary: US-Ha1 is,,-72.1727,42.5369,12819,4264,166.82869601515102,-5.0,recovered from SW_IN_POT,11.015727283412927,0,30,105216,https://doi.org/10.17190/AMF/1985441,4-7,DBF,AMF_US-xHA_FLUXNET_FULLSET_HH_2019-2024_4-7.csv,
US-xHE,1621,same_cell,True,,,-149.2133,63.8757,3574,6825,387.56846090129403,-9.0,recovered from SW_IN_POT,8.403956181248324,0,30,105216,https://doi.org/10.17190/AMF/1985442,4-7,OSH,AMF_US-xHE_FLUXNET_FULLSET_HH_2019-2024_4-7.csv,
US-xJE,6932,same_cell,True,,,-84.4686,31.1948,11343,2903,241.65087172356917,-5.0,recovered from SW_IN_POT,11.52375808879827,0,30,105216,https://doi.org/10.17190/AMF/1985443,4-7,ENF,AMF_US-xJE_FLUXNET_FULLSET_HH_2019-2024_4-7.csv,
US-xJR,6645,same_cell,True,,,-106.8425,32.5907,8658,3070,473.4099578506609,-7.0,recovered from SW_IN_POT,11.430295120896442,0,30,105216,https://doi.org/10.17190/AMF/2229408,5-7,OSH,AMF_US-xJR_FLUXNET_FULLSET_HH_2019-2024_5-7.csv,
US-xKA,5572,same_cell,True,,,-96.6129,39.1104,9886,3853,236.14527619935328,-6.0,recovered from SW_IN_POT,11.172738412843492,0,30,105216,https://doi.org/10.17190/AMF/1985444,4-7,GRA,AMF_US-xKA_FLUXNET_FULLSET_HH_2019-2024_4-7.csv,
US-xKZ,5575,same_cell,True,,,-96.5631,39.1008,9892,3852,378.0200105493386,-6.0,recovered from SW_IN_POT,11.184552158861345,0,30,105216,https://doi.org/10.17190/AMF/1985445,4-7,GRA,AMF_US-xKZ_FLUXNET_FULLSET_HH_2019-2024_4-7.csv,
US-xMB,5711,same_cell,True,,,-109.3883,38.2483,8353,3749,282.90699285073794,-7.0,recovered from SW_IN_POT,11.245937636980718,0,30,105216,https://doi.org/10.17190/AMF/1985446,4-7,OSH,AMF_US-xMB_FLUXNET_FULLSET_HH_2019-2024_4-7.csv,
US-xML,5876,same_cell,True,,,-80.5248,37.3783,11817,3645,363.4453004587895,-5.0,recovered from SW_IN_POT,11.326820734927178,0,30,105216,https://doi.org/10.17190/AMF/1985447,4-7,DBF,AMF_US-xML_FLUXNET_FULLSET_HH_2019-2024_4-7.csv,
US-xNG,4170,same_cell,True,,,-100.9154,46.7697,9370,4772,254.27729386363293,-6.0,recovered from SW_IN_POT,10.751531641271303,0,30,105216,https://doi.org/10.17190/AMF/1985448,4-7,GRA,AMF_US-xNG_FLUXNET_FULLSET_HH_2019-2024_4-7.csv,
US-xNQ,5377,same_cell,True,,,-112.4524,40.1776,7985,3981,230.0878538219729,-7.0,recovered from SW_IN_POT,11.104876504102537,0,30,87696,https://doi.org/10.17190/AMF/1985449,4-7,OSH,AMF_US-xNQ_FLUXNET_FULLSET_HH_2019-2024_4-7.csv,
US-xNW,5406,same_cell,True,,,-105.5824,40.0543,8810,3966,275.5042251025409,-7.0,recovered from SW_IN_POT,11.153964494503155,-1,30,105216,https://doi.org/10.17190/AMF/2571112,3-7,ENF,AMF_US-xNW_FLUXNET_FULLSET_HH_2019-2024_3-7.csv,"measured shortwave sits -30 minutes from SW_IN_POT, within the check's tolerance of one half-hour step"
US-xRM,5361,same_cell,True,,,-105.5459,40.2759,8814,3993,363.39305434925086,-7.0,recovered from SW_IN_POT,11.140675588781026,0,30,105216,https://doi.org/10.17190/AMF/1985450,4-7,ENF,AMF_US-xRM_FLUXNET_FULLSET_HH_2019-2024_4-7.csv,
US-xRN,6099,same_cell,True,,,-84.2826,35.9641,11366,3475,356.4240394032059,-5.0,recovered from SW_IN_POT,11.353888124857917,0,30,105216,https://doi.org/10.17190/AMF/2571119,3-7,DBF,AMF_US-xRN_FLUXNET_FULLSET_HH_2019-2024_3-7.csv,
US-xSB,7179,same_cell,True,,,-81.9934,29.6893,11640,2722,308.72826003617183,-5.0,recovered from SW_IN_POT,11.589614621979827,0,30,105216,https://doi.org/10.17190/AMF/1985451,4-7,ENF,AMF_US-xSB_FLUXNET_FULLSET_HH_2019-2024_4-7.csv,
US-xSC,5609,same_cell,True,,,-78.1395,38.8929,12103,3827,369.3113730803543,-5.0,recovered from SW_IN_POT,11.252637807469187,0,30,105216,https://doi.org/10.17190/AMF/2229409,4-7,DBF,AMF_US-xSC_FLUXNET_FULLSET_HH_2019-2024_4-7.csv,
US-xSE,5612,same_cell,True,,,-76.56,38.8901,12292,3826,361.0738572115658,-5.0,recovered from SW_IN_POT,11.226866805704521,0,30,105216,https://doi.org/10.17190/AMF/1985452,4-7,DBF,AMF_US-xSE_FLUXNET_FULLSET_HH_2019-2024_4-7.csv,
US-xSJ,5916,same_cell,True,,,-119.7323,37.1088,7112,3613,496.49819204201015,-8.0,recovered from SW_IN_POT,11.145535521448343,0,30,105216,https://doi.org/10.17190/AMF/2229410,4-7,SAV,AMF_US-xSJ_FLUXNET_FULLSET_HH_2019-2024_4-7.csv,
US-xSL,5328,same_cell,True,,,-103.0293,40.4619,9116,4015,67.76118243764157,-7.0,recovered from SW_IN_POT,11.112691655044475,0,30,105216,https://doi.org/10.17190/AMF/2229411,5-7,CRO,AMF_US-xSL_FLUXNET_FULLSET_HH_2019-2024_5-7.csv,
US-xSR,6771,same_cell,True,,,-110.8355,31.9107,8179,2989,275.2809526675769,-7.0,recovered from SW_IN_POT,11.462826094381757,0,30,105216,https://doi.org/10.17190/AMF/1985453,4-7,OSH,AMF_US-xSR_FLUXNET_FULLSET_HH_2019-2024_4-7.csv,
US-xST,4431,same_cell,True,,,-89.5864,45.5089,10729,4621,409.5035697169844,-6.0,recovered from SW_IN_POT,10.810769350515345,0,30,105216,https://doi.org/10.17190/AMF/1985454,4-7,DBF,AMF_US-xST_FLUXNET_FULLSET_HH_2019-2024_4-7.csv,
US-xTA,6567,same_cell,True,,,-87.3933,32.9505,10992,3114,471.42612893207667,-6.0,recovered from SW_IN_POT,11.39753058560188,0,30,105216,https://doi.org/10.17190/AMF/1985455,4-7,ENF,AMF_US-xTA_FLUXNET_FULLSET_HH_2019-2024_4-7.csv,
US-xTL,695,same_cell,True,,,-149.3705,68.6611,3555,7399,156.37249608523095,-9.0,recovered from SW_IN_POT,6.095401419364952,0,30,105216,https://doi.org/10.17190/AMF/2469475,4-7,WET,AMF_US-xTL_FLUXNET_FULLSET_HH_2019-2024_4-7.csv,
US-xTR,4435,same_cell,True,,,-89.5857,45.4937,10729,4619,275.7385845741004,-6.0,recovered from SW_IN_POT,10.811767058077772,0,30,105216,https://doi.org/10.17190/AMF/1985456,4-7,DBF,AMF_US-xTR_FLUXNET_FULLSET_HH_2019-2024_4-7.csv,
US-xUK,5588,same_cell,True,,,-95.1921,39.0404,10056,3844,455.9976816195663,-6.0,recovered from SW_IN_POT,11.159894637442346,0,30,105216,https://doi.org/10.17190/AMF/1985457,4-7,DBF,AMF_US-xUK_FLUXNET_FULLSET_HH_2019-2024_4-7.csv,
US-xUN,4254,same_cell,True,,,-89.5373,46.2339,10735,4708,400.71377731601785,-6.0,recovered from SW_IN_POT,10.759002870409304,0,30,105216,https://doi.org/10.17190/AMF/1985458,4-7,MF,AMF_US-xUN_FLUXNET_FULLSET_HH_2019-2024_4-7.csv,
US-xWD,4113,same_cell,True,,,-99.2414,47.1282,9571,4815,313.9793405240967,-6.0,recovered from SW_IN_POT,10.705465017980341,0,30,105216,https://doi.org/10.17190/AMF/2229412,5-7,GRA,AMF_US-xWD_FLUXNET_FULLSET_HH_2019-2024_5-7.csv,
US-xWR,4360,same_cell,True,,,-121.9519,45.8205,6845,4658,179.61841241171663,-8.0,recovered from SW_IN_POT,10.734668807884512,0,30,105216,https://doi.org/10.17190/AMF/2571118,3-7,ENF,AMF_US-xWR_FLUXNET_FULLSET_HH_2019-2024_3-7.csv,
US-xYE,4527,same_cell,True,,,-110.5391,44.9535,8215,4554,146.09505292029837,-7.0,recovered from SW_IN_POT,10.84824112836118,0,30,105216,https://doi.org/10.17190/AMF/1985459,4-7,ENF,AMF_US-xYE_FLUXNET_FULLSET_HH_2019-2024_4-7.csv,
