"","Site.ID","Latitude..degrees.","Longitude..degrees.","Elevation..m."
"1","CA-AF1",46.0092,-66.3627,78
"2","CA-ARB",52.695,-83.9452,90
"3","CA-ARF",52.7008,-83.955,88
"4","CA-BOU",50.5244,-63.2064,108
"5","CA-CF3",58.6658,-93.8304,25
"6","CA-DB2",49.119,-122.9951,4
"7","CA-DBB",49.1293,-122.9849,4
"8","CA-DSM",49.0887,-122.8954,NA
"9","CA-EM1",50.3623,-100.2024,607.9
"10","CA-EM2",50.3706,-100.5339,554.3
"11","CA-ER1",43.6405,-80.4123,370
"12","CA-HPC",68.3203,-133.5188,80
"13","CA-LP1",55.1119,-122.8414,751
"14","CA-Mtk",72.6695,-77.9981,15
"15","CA-SCB",61.3089,-121.2984,280
"16","CA-SCC",61.3079,-121.2992,285
"17","CA-SMC",63.1534,-123.2522,150
"18","CA-TVC",68.7462,-133.5017,85
"19","US-A03",70.4953,-149.8823,5
"20","US-A32",36.8193,-97.8198,335
"21","US-A37",36.3106,-97.928,378.9
"22","US-A74",36.8085,-97.5489,337
"23","US-Act",39.582,-84.755,263
"24","US-ADR",36.7653,-116.6933,842
"25","US-ALQ",46.0308,-89.6067,NA
"26","US-AMS",41.7018,-87.9963,232
"27","US-ASH",36.1697,-120.201,147
"28","US-ASL",36.9466,-120.1024,78
"29","US-ASM",36.1777,-120.2026,147
"30","US-Bi1",38.0992,-121.4993,-2.7
"31","US-Bi2",38.1091,-121.5351,-5
"32","US-BMM",45.783,-110.7776,2324
"33","US-BRG",39.2167,-86.5406,180
"34","US-Bsg",43.4712,-119.6909,1398
"35","US-BWa",39.1389,-77.2175,NA
"36","US-BWb",39.1955,-77.4509,NA
"37","US-BZB",64.6955,-148.3208,100
"38","US-BZF",64.7013,-148.3121,95
"39","US-BZo",64.6936,-148.33,100
"40","US-BZS",64.6963,-148.3235,100
"41","US-CC1",44.0732,-89.6787,314
"42","US-CC2",44.1039,-89.6196,320
"43","US-CdM",37.5241,-109.7471,1860
"44","US-CF1",46.7815,-117.0821,794
"45","US-CF2",46.784,-117.0908,807
"46","US-CF3",46.7551,-117.1261,795
"47","US-CF4",46.7518,-117.1285,795
"48","US-CGG",37.938,-121.9761,119.5
"49","US-CLF",40.6366,-77.9424,244
"50","US-CMW",31.6637,-110.1777,1199
"51","US-CRK",31.4629,-95.3415,151
"52","US-CRT",41.6285,-83.3471,180
"53","US-CS1",44.1031,-89.5379,328
"54","US-CS2",44.1467,-89.5002,328
"55","US-CS3",44.1394,-89.5727,328
"56","US-CS4",44.1597,-89.5475,328
"57","US-CS5",44.1095,-89.5377,328
"58","US-CS6",44.4297,-89.544,328
"59","US-CS8",44.4338,-89.5364,328
"60","US-Cst",33.0442,-91.9204,50
"61","US-CU1",41.8694,-87.6459,183.4
"62","US-Cwt",35.0592,-83.4275,690
"63","US-DFC",43.3448,-89.7117,264.9
"64","US-DFK",43.3453,-89.7154,210
"65","US-Dmg",38.0015,-121.6691,1
"66","US-DPW",28.0521,-81.4361,23
"67","US-DS1",38.1335,-121.539,-6
"68","US-DS2",38.1375,-121.514,-6
"69","US-DS3",38.1235,-121.549,-7
"70","US-EA4",29.6633,-98.3816,297
"71","US-EA5",29.3584,-99.9576,322
"72","US-EA6",29.6561,-99.9588,480
"73","US-EDN",37.6156,-122.114,NA
"74","US-EKH",36.8094,-121.7523,0.5
"75","US-EKN",36.8357,-121.7328,0
"76","US-EKP",36.8558,-121.7488,0
"77","US-EvM",25.3539,-80.381,0.332
"78","US-Fcr",65.3968,-148.9348,265
"79","US-Fo1",70.085,-148.5671,28
"80","US-Fo2",70.0229,-148.6598,41
"81","US-GL1",47.1835,-87.2251,183
"82","US-HB1",33.3455,-79.1957,0.1
"83","US-HB2",33.3242,-79.244,4.7
"84","US-HB3",33.3482,-79.2322,7.3
"85","US-HB4",33.2015,-79.2975,1
"86","US-HBK",43.9397,-71.7181,367
"87","US-Hn2",46.6889,-119.4641,117.5
"88","US-Hn3",46.6878,-119.4614,120.9
"89","US-HRA",34.5852,-91.7517,NA
"90","US-HRC",34.5888,-91.7517,NA
"91","US-Hsm",38.2368,-122.0212,1.113
"92","US-HWB",40.8608,-77.8488,378
"93","US-INa",39.8273,-86.179,NA
"94","US-INb",39.8706,-86.0024,NA
"95","US-INc",39.7833,-86.1652,NA
"96","US-INd",39.8645,-86.5005,NA
"97","US-INe",39.8632,-86.5083,NA
"98","US-INf",39.7978,-86.0183,NA
"99","US-INg",39.7739,-86.2724,NA
"100","US-INi",39.8167,-85.7005,NA
"101","US-INj",39.8766,-85.7066,NA
"102","US-INn",39.9468,-86.788,NA
"103","US-INp",39.9477,-86.7821,NA
"104","US-Jo1",32.582,-106.635,1188
"105","US-Jo2",32.5849,-106.6032,1469
"106","US-JRn",39.6789,-80.1646,384.048
"107","US-KL1",42.4847,-85.4422,264.6
"108","US-KL2",42.4768,-85.4468,258.3
"109","US-KL3",42.4735,-85.4473,264.7
"110","US-KLS",38.7745,-97.5684,373
"111","US-KM1",42.4376,-85.3287,258.1
"112","US-KM2",42.4441,-85.3098,259.1
"113","US-KM3",42.4464,-85.3105,262.1
"114","US-KM4",42.4423,-85.3301,246.3
"115","US-KS3",28.7084,-80.7427,0
"116","US-LA1",29.5013,-90.4449,0
"117","US-LA2",29.8587,-90.2869,0
"118","US-LA3",29.4936,-89.9153,0.2
"119","US-LL1",31.2792,-84.5329,165
"120","US-LL2",31.201,-84.4449,155
"121","US-LL3",31.2688,-84.4787,159.5
"122","US-MBP",47.5051,-93.4893,416
"123","US-MC1",48.1873,-114.1548,900
"124","US-MC2",48.1802,-114.2051,900
"125","US-Men",43.0772,-89.403,260
"126","US-MH1",45.9206,-108.2414,919.6
"127","US-MH2",45.9699,-108.1978,891
"128","US-Mi1",41.7727,-80.6313,290
"129","US-Mi2",41.5479,-80.855,280
"130","US-Mi3",41.8222,-80.637,270
"131","US-Mj1",46.9948,-109.6137,1285
"132","US-Mj2",46.9957,-109.6295,1277
"133","US-MN1",45.6168,-96.1269,339
"134","US-MN2",45.627,-96.1271,339
"135","US-MN3",45.6091,-96.1265,339
"136","US-Mo1",39.2298,-92.1167,260
"137","US-Mo2",38.9488,-91.9945,275
"138","US-Mo3",39.2322,-92.1493,261
"139","US-MSR",47.4758,-111.7207,1110
"140","US-MVF",47.6867,-111.4659,1128
"141","US-MVW",47.6729,-111.4889,1134
"142","US-NC2",35.803,-76.6685,5
"143","US-NC3",35.799,-76.656,5
"144","US-NC4",35.7879,-75.9038,1
"145","US-NGC",64.8618,-163.7002,35
"146","US-ONA",27.3836,-81.9509,25
"147","US-OPE",39.0293,-76.8457,40
"148","US-ORv",40.0201,-83.0183,221
"149","US-OWC",41.3795,-82.5125,174
"150","US-PAS",27.3944,-81.951,27.1
"151","US-PFb",45.972,-90.3232,474
"152","US-PFc",45.9677,-90.3088,473
"153","US-PFd",45.9689,-90.301,473
"154","US-PFe",45.9793,-90.3004,480
"155","US-PFf",45.9458,-90.2944,464
"156","US-PFg",45.9735,-90.2723,475
"157","US-PFh",45.9557,-90.2406,463
"158","US-PFi",45.9749,-90.2327,488
"159","US-PFj",45.9619,-90.227,484
"160","US-PFk",45.9149,-90.3425,476
"161","US-PFL",45.9409,-90.3177,464
"162","US-PFm",45.9207,-90.3099,484
"163","US-PFo",45.9229,-90.2728,476
"164","US-PFq",45.9271,-90.2475,473
"165","US-PFr",45.9245,-90.2475,490
"166","US-PFs",45.9381,-90.2382,489
"167","US-PFt",45.9197,-90.2288,466
"168","US-PHM",42.7423,-70.8301,1.4
"169","US-Pnp",43.0896,-89.4158,260
"170","US-PSH",36.2347,-119.9247,70
"171","US-PSL",36.8276,-120.1397,65
"172","US-RC1",46.7837,-117.0777,807
"173","US-RC2",46.7776,-117.0807,799
"174","US-RC3",46.991,-118.598,NA
"175","US-RC4",46.758,-116.949,817
"176","US-RC5",47.01,-119.248,349
"177","US-RGA",34.4159,-91.6733,61
"178","US-RGB",39.5782,-121.8579,33
"179","US-RGF",37.6995,-121.1369,16
"180","US-RGo",39.6805,-122.0026,40
"181","US-RGW",33.6216,-91.4306,41
"182","US-Rls",43.1439,-116.7356,1608
"183","US-Rms",43.0645,-116.7486,2111
"184","US-Ro4",44.6781,-93.0723,274
"185","US-Ro5",44.691,-93.0576,283
"186","US-Ro6",44.6946,-93.0578,282
"187","US-Rpf",65.1198,-147.429,497
"188","US-RRC",37.3344,-77.2065,0.1
"189","US-Rwf",43.1207,-116.7231,1878
"190","US-Rws",43.1675,-116.7132,1425
"191","US-Snf",38.0402,-121.7272,-4
"192","US-Srr",38.2006,-122.0264,8
"193","US-SRS",31.8173,-110.8508,1169
"194","US-StJ",39.0882,-75.4372,6.7
"195","US-SuM",20.7981,-156.454,21
"196","US-SuS",20.7847,-156.4039,203
"197","US-SuW",20.8246,-156.4913,44
"198","US-TaS",25.1908,-80.6391,3
"199","US-TLR",35.9168,-76.1463,1
"200","US-TrB",46.0412,-89.6862,499
"201","US-TrS",46.0034,-89.7053,495
"202","US-Tur",45.5571,-111.2286,1530
"203","US-UC1",40.7536,-78.0056,390
"204","US-UC2",40.7559,-77.9998,396
"205","US-UiA",40.0646,-88.1961,224
"206","US-UiB",40.0628,-88.1984,224
"207","US-UiC",40.0628,-88.1961,224
"208","US-UiD",40.0646,-88.1985,224
"209","US-UM3",45.5686,-84.6707,234
"210","US-UTB",40.7848,-113.8299,1287
"211","US-UTD",38.1038,-109.5952,1580
"212","US-UTE",37.7353,-111.5708,1729.3
"213","US-UTJ",37.2818,-109.5348,1281
"214","US-UTM",38.5879,-109.5775,1207
"215","US-UTN",39.6896,-111.8814,1529
"216","US-UTP",41.0604,-112.1013,1281
"217","US-UTV",40.1266,-109.9546,1539
"218","US-UTW",39.4453,-110.7288,1682
"219","US-Vcs",35.9193,-106.6142,2752
"220","US-WPT",41.4646,-82.9962,175
"221","US-WT1",34.3674,-101.8154,1058
"222","US-xPU",19.5531,-155.3173,1685
"223","US-YK1",61.2723,-163.2228,15
"224","US-YK2",61.2548,-163.259,15
